--Arbeitsdiensttypen (erzeugt AT_ID)
INSERT INTO Arbeitsdiensttypen (AT_ID, Bezeichnung, Beschreibung, Frequenz) VALUES (1, 'Fütterung carnivor 1x/Woche', 'Futterreste entsorgen, Futtertiere zum Jagen ins Gehege setzen', 7);
INSERT INTO Arbeitsdiensttypen (AT_ID, Bezeichnung, Beschreibung, Frequenz) VALUES (2, 'Fütterung carnivor 2x/Woche', '', 4);
INSERT INTO Arbeitsdiensttypen (AT_ID, Bezeichnung, Beschreibung, Frequenz) VALUES (3, 'Fütterung carnivor 3x/Woche', '', 2);
INSERT INTO Arbeitsdiensttypen (AT_ID, Bezeichnung, Beschreibung, Frequenz) VALUES (4, 'Frischwasser', 'Wasserschale reinigen und neu befüllen', 1);
INSERT INTO Arbeitsdiensttypen (AT_ID, Bezeichnung, Beschreibung, Frequenz) VALUES (5, 'Bodenbelagreinigung', 'Sand komplett aus dem Terrarium entfernen, reinigen bzw. erneuern', 182);
INSERT INTO Arbeitsdiensttypen (AT_ID, Bezeichnung, Beschreibung, Frequenz) VALUES (6, 'Gießen', 'Lebendpflanzen in und vor den Terrarien', 7);
INSERT INTO Arbeitsdiensttypen (AT_ID, Bezeichnung, Beschreibung, Frequenz) VALUES (7, 'Terrarienglasreinigung', 'Teil der Genralreinigung, wenn das Terrarium ausgeräumt wurde', 61);
INSERT INTO Arbeitsdiensttypen (AT_ID, Bezeichnung, Beschreibung, Frequenz) VALUES (8, 'Terrariumgeneralreinigung', 'gesamtes Terrarieninventar ausräumen und abspülen', 61);
INSERT INTO Arbeitsdiensttypen (AT_ID, Bezeichnung, Beschreibung, Frequenz) VALUES (9, 'Sprühen morgens', 'zur Erhöhung der Luftfeuchtigkeit', 1);
INSERT INTO Arbeitsdiensttypen (AT_ID, Bezeichnung, Beschreibung, Frequenz) VALUES (10, 'Sprühen mittags', 'zur Erhöhung der Luftfeuchtigkeit', 1);
INSERT INTO Arbeitsdiensttypen (AT_ID, Bezeichnung, Beschreibung, Frequenz) VALUES (11, 'Sprühen abends', 'zur Erhöhung der Luftfeuchtigkeit', 1);
INSERT INTO Arbeitsdiensttypen (AT_ID, Bezeichnung, Beschreibung, Frequenz) VALUES (12, 'Terrariumreinigung', 'Exkremente und andere grobe Verschmutzungen beseitigen', 1);
INSERT INTO Arbeitsdiensttypen (AT_ID, Bezeichnung, Beschreibung, Frequenz) VALUES (13, 'Fütterung vegetarisch 1x', 'Futtertrog reinigen, vorbereiten, verteilen', 7);
INSERT INTO Arbeitsdiensttypen (AT_ID, Bezeichnung, Beschreibung, Frequenz) VALUES (14, 'Fütterung vegetarisch 2x', '', 4);
INSERT INTO Arbeitsdiensttypen (AT_ID, Bezeichnung, Beschreibung, Frequenz) VALUES (15, 'Fütterung vegetarisch 3x', '', 2);
INSERT INTO Arbeitsdiensttypen (AT_ID, Bezeichnung, Beschreibung, Frequenz) VALUES (16, 'Leuchtmittel prüfen', 'UV-Lampen mithilfe eines Messgerätes, Wärmelampen über den Tastsinn (auf sichere Entfernung) auf Leistung prüfen', 182);
INSERT INTO Arbeitsdiensttypen (AT_ID, Bezeichnung, Beschreibung, Frequenz) VALUES (17, 'Leuchtmittel wechseln', 'Leuchtmittel nach Prüfung ersetzen bei zuwenig Leistung oder nach Totalausfall', null);
INSERT INTO Arbeitsdiensttypen (AT_ID, Bezeichnung, Beschreibung, Frequenz) VALUES (18, 'Wasserbeckenreinigung', 'nach Bedarf bei entsprechender Verschmutzung, tägliche Prüfung nötig', 1);
INSERT INTO Arbeitsdiensttypen (AT_ID, Bezeichnung, Beschreibung, Frequenz) VALUES (19, 'Fütterung aquatisch', 'Fischpellets ins Wasser geben', 7);
INSERT INTO Arbeitsdiensttypen (AT_ID, Bezeichnung, Beschreibung, Frequenz) VALUES (20, 'Lagerbestand prüfen', 'Inventur', 365);
INSERT INTO Arbeitsdiensttypen (AT_ID, Bezeichnung, Beschreibung, Frequenz) VALUES (21, 'Lagerbestand prüfen', 'ggf. Bestellung', 182);
INSERT INTO Arbeitsdiensttypen (AT_ID, Bezeichnung, Beschreibung, Frequenz) VALUES (22, 'Lagerbestand prüfen', 'ggf. Bestellung', 91);
INSERT INTO Arbeitsdiensttypen (AT_ID, Bezeichnung, Beschreibung, Frequenz) VALUES (23, 'Lagerbestand prüfen', 'ggf. Bestellung', 30);

--Arbeitsdienste (erzeugt AD_ID -> benötigt AT_ID)
INSERT INTO Arbeitsdienste (AD_ID, AT_ID, Faelligkeit) VALUES (1, 1, '2022-06-07');
INSERT INTO Arbeitsdienste (AD_ID, AT_ID, Faelligkeit) VALUES (2, 1, '2022-06-14');
INSERT INTO Arbeitsdienste (AD_ID, AT_ID, Faelligkeit) VALUES (3, 1, '2022-06-21');
INSERT INTO Arbeitsdienste (AD_ID, AT_ID, Faelligkeit) VALUES (4, 1, '2022-06-28');
INSERT INTO Arbeitsdienste (AD_ID, AT_ID, Faelligkeit) VALUES (5, 1, '2022-07-04');
INSERT INTO Arbeitsdienste (AD_ID, AT_ID, Faelligkeit) VALUES (6, 1, '2022-06-10');
INSERT INTO Arbeitsdienste (AD_ID, AT_ID, Faelligkeit) VALUES (7, 1, '2022-06-12');
INSERT INTO Arbeitsdienste (AD_ID, AT_ID, Faelligkeit) VALUES (8, 1, '2022-06-15');
INSERT INTO Arbeitsdienste (AD_ID, AT_ID, Faelligkeit) VALUES (9, 3, '2022-06-22');
INSERT INTO Arbeitsdienste (AD_ID, AT_ID, Faelligkeit) VALUES (10, 3, '2022-06-30');
INSERT INTO Arbeitsdienste (AD_ID, AT_ID, Faelligkeit) VALUES (11, 3, '2022-07-07');
INSERT INTO Arbeitsdienste (AD_ID, AT_ID, Faelligkeit) VALUES (12, 4, '2022-07-01');
INSERT INTO Arbeitsdienste (AD_ID, AT_ID, Faelligkeit) VALUES (13, 3, null);
INSERT INTO Arbeitsdienste (AD_ID, AT_ID, Faelligkeit) VALUES (14, 3, null);
INSERT INTO Arbeitsdienste (AD_ID, AT_ID, Faelligkeit) VALUES (15, 3, null);
INSERT INTO Arbeitsdienste (AD_ID, AT_ID, Faelligkeit) VALUES (16, 3, null);
INSERT INTO Arbeitsdienste (AD_ID, AT_ID, Faelligkeit) VALUES (17, 3, null);
INSERT INTO Arbeitsdienste (AD_ID, AT_ID, Faelligkeit) VALUES (18, 3, null);
INSERT INTO Arbeitsdienste (AD_ID, AT_ID, Faelligkeit) VALUES (19, 3, null);
INSERT INTO Arbeitsdienste (AD_ID, AT_ID, Faelligkeit) VALUES (20, 3, null);
INSERT INTO Arbeitsdienste (AD_ID, AT_ID, Faelligkeit) VALUES (21, 3, null);
INSERT INTO Arbeitsdienste (AD_ID, AT_ID, Faelligkeit) VALUES (22, 3, null);
INSERT INTO Arbeitsdienste (AD_ID, AT_ID, Faelligkeit) VALUES (23, 3, null);
INSERT INTO Arbeitsdienste (AD_ID, AT_ID, Faelligkeit) VALUES (24, 3, null);
INSERT INTO Arbeitsdienste (AD_ID, AT_ID, Faelligkeit) VALUES (25, 3, null);
INSERT INTO Arbeitsdienste (AD_ID, AT_ID, Faelligkeit) VALUES (26, 3, null);
INSERT INTO Arbeitsdienste (AD_ID, AT_ID, Faelligkeit) VALUES (27, 3, null);
INSERT INTO Arbeitsdienste (AD_ID, AT_ID, Faelligkeit) VALUES (28, 3, null);
INSERT INTO Arbeitsdienste (AD_ID, AT_ID, Faelligkeit) VALUES (29, 3, null);
INSERT INTO Arbeitsdienste (AD_ID, AT_ID, Faelligkeit) VALUES (30, 3, null);
INSERT INTO Arbeitsdienste (AD_ID, AT_ID, Faelligkeit) VALUES (31, 3, null);
INSERT INTO Arbeitsdienste (AD_ID, AT_ID, Faelligkeit) VALUES (32, 3, null);
INSERT INTO Arbeitsdienste (AD_ID, AT_ID, Faelligkeit) VALUES (33, 3, null);
INSERT INTO Arbeitsdienste (AD_ID, AT_ID, Faelligkeit) VALUES (34, 3, null);
INSERT INTO Arbeitsdienste (AD_ID, AT_ID, Faelligkeit) VALUES (35, 3, null);
INSERT INTO Arbeitsdienste (AD_ID, AT_ID, Faelligkeit) VALUES (36, 3, null);
INSERT INTO Arbeitsdienste (AD_ID, AT_ID, Faelligkeit) VALUES (37, 3, null);
INSERT INTO Arbeitsdienste (AD_ID, AT_ID, Faelligkeit) VALUES (38, 3, null);
INSERT INTO Arbeitsdienste (AD_ID, AT_ID, Faelligkeit) VALUES (39, 3, null);
INSERT INTO Arbeitsdienste (AD_ID, AT_ID, Faelligkeit) VALUES (40, 3, null);
INSERT INTO Arbeitsdienste (AD_ID, AT_ID, Faelligkeit) VALUES (41, 3, null);
INSERT INTO Arbeitsdienste (AD_ID, AT_ID, Faelligkeit) VALUES (42, 3, null);
INSERT INTO Arbeitsdienste (AD_ID, AT_ID, Faelligkeit) VALUES (43, 3, null);
INSERT INTO Arbeitsdienste (AD_ID, AT_ID, Faelligkeit) VALUES (44, 3, null);
INSERT INTO Arbeitsdienste (AD_ID, AT_ID, Faelligkeit) VALUES (45, 3, null);
INSERT INTO Arbeitsdienste (AD_ID, AT_ID, Faelligkeit) VALUES (46, 3, null);
INSERT INTO Arbeitsdienste (AD_ID, AT_ID, Faelligkeit) VALUES (47, 3, null);
INSERT INTO Arbeitsdienste (AD_ID, AT_ID, Faelligkeit) VALUES (48, 3, null);
INSERT INTO Arbeitsdienste (AD_ID, AT_ID, Faelligkeit) VALUES (49, 13, null);
INSERT INTO Arbeitsdienste (AD_ID, AT_ID, Faelligkeit) VALUES (50, 13, null);
INSERT INTO Arbeitsdienste (AD_ID, AT_ID, Faelligkeit) VALUES (51, 13, null);
INSERT INTO Arbeitsdienste (AD_ID, AT_ID, Faelligkeit) VALUES (52, 13, null);
INSERT INTO Arbeitsdienste (AD_ID, AT_ID, Faelligkeit) VALUES (53, 14, null);
INSERT INTO Arbeitsdienste (AD_ID, AT_ID, Faelligkeit) VALUES (54, 14, null);
INSERT INTO Arbeitsdienste (AD_ID, AT_ID, Faelligkeit) VALUES (55, 15, null);
INSERT INTO Arbeitsdienste (AD_ID, AT_ID, Faelligkeit) VALUES (56, 15, null);
INSERT INTO Arbeitsdienste (AD_ID, AT_ID, Faelligkeit) VALUES (57, 15, null);
INSERT INTO Arbeitsdienste (AD_ID, AT_ID, Faelligkeit) VALUES (58, 15, null);
INSERT INTO Arbeitsdienste (AD_ID, AT_ID, Faelligkeit) VALUES (59, 15, null);
INSERT INTO Arbeitsdienste (AD_ID, AT_ID, Faelligkeit) VALUES (60, 15, null);
INSERT INTO Arbeitsdienste (AD_ID, AT_ID, Faelligkeit) VALUES (61, 15, '2022-06-15');
INSERT INTO Arbeitsdienste (AD_ID, AT_ID, Faelligkeit) VALUES (62, 16, null);
INSERT INTO Arbeitsdienste (AD_ID, AT_ID, Faelligkeit) VALUES (63, 16, null);
INSERT INTO Arbeitsdienste (AD_ID, AT_ID, Faelligkeit) VALUES (64, 16, null);
INSERT INTO Arbeitsdienste (AD_ID, AT_ID, Faelligkeit) VALUES (65, 16, null);
INSERT INTO Arbeitsdienste (AD_ID, AT_ID, Faelligkeit) VALUES (66, 16, null);
INSERT INTO Arbeitsdienste (AD_ID, AT_ID, Faelligkeit) VALUES (67, 16, null);
INSERT INTO Arbeitsdienste (AD_ID, AT_ID, Faelligkeit) VALUES (68, 16, null);
INSERT INTO Arbeitsdienste (AD_ID, AT_ID, Faelligkeit) VALUES (69, 16, null);
INSERT INTO Arbeitsdienste (AD_ID, AT_ID, Faelligkeit) VALUES (70, 16, null);
INSERT INTO Arbeitsdienste (AD_ID, AT_ID, Faelligkeit) VALUES (71, 20, null);
INSERT INTO Arbeitsdienste (AD_ID, AT_ID, Faelligkeit) VALUES (72, 20, null);
INSERT INTO Arbeitsdienste (AD_ID, AT_ID, Faelligkeit) VALUES (73, 20, null);
INSERT INTO Arbeitsdienste (AD_ID, AT_ID, Faelligkeit) VALUES (74, 20, null);
INSERT INTO Arbeitsdienste (AD_ID, AT_ID, Faelligkeit) VALUES (75, 20, null);
INSERT INTO Arbeitsdienste (AD_ID, AT_ID, Faelligkeit) VALUES (76, 20, null);
INSERT INTO Arbeitsdienste (AD_ID, AT_ID, Faelligkeit) VALUES (77, 23, null);
INSERT INTO Arbeitsdienste (AD_ID, AT_ID, Faelligkeit) VALUES (78, 23, null);
INSERT INTO Arbeitsdienste (AD_ID, AT_ID, Faelligkeit) VALUES (79, 23, null);
INSERT INTO Arbeitsdienste (AD_ID, AT_ID, Faelligkeit) VALUES (80, 23, null);
INSERT INTO Arbeitsdienste (AD_ID, AT_ID, Faelligkeit) VALUES (81, 23, null);
INSERT INTO Arbeitsdienste (AD_ID, AT_ID, Faelligkeit) VALUES (82, 20, null);
INSERT INTO Arbeitsdienste (AD_ID, AT_ID, Faelligkeit) VALUES (83, 20, null);
INSERT INTO Arbeitsdienste (AD_ID, AT_ID, Faelligkeit) VALUES (84, 20, null);
INSERT INTO Arbeitsdienste (AD_ID, AT_ID, Faelligkeit) VALUES (85, 20, null);
INSERT INTO Arbeitsdienste (AD_ID, AT_ID, Faelligkeit) VALUES (86, 20, null);
INSERT INTO Arbeitsdienste (AD_ID, AT_ID, Faelligkeit) VALUES (87, 21, null);
INSERT INTO Arbeitsdienste (AD_ID, AT_ID, Faelligkeit) VALUES (88, 20, null);
INSERT INTO Arbeitsdienste (AD_ID, AT_ID, Faelligkeit) VALUES (89, 20, null);
INSERT INTO Arbeitsdienste (AD_ID, AT_ID, Faelligkeit) VALUES (90, 20, null);
INSERT INTO Arbeitsdienste (AD_ID, AT_ID, Faelligkeit) VALUES (91, 20, null);
INSERT INTO Arbeitsdienste (AD_ID, AT_ID, Faelligkeit) VALUES (92, 23, null);
INSERT INTO Arbeitsdienste (AD_ID, AT_ID, Faelligkeit) VALUES (93, 20, null);
INSERT INTO Arbeitsdienste (AD_ID, AT_ID, Faelligkeit) VALUES (94, 20, null);
INSERT INTO Arbeitsdienste (AD_ID, AT_ID, Faelligkeit) VALUES (95, 20, null);
INSERT INTO Arbeitsdienste (AD_ID, AT_ID, Faelligkeit) VALUES (96, 20, null);
INSERT INTO Arbeitsdienste (AD_ID, AT_ID, Faelligkeit) VALUES (97, 20, null);
INSERT INTO Arbeitsdienste (AD_ID, AT_ID, Faelligkeit) VALUES (98, 20, null);
INSERT INTO Arbeitsdienste (AD_ID, AT_ID, Faelligkeit) VALUES (99, 20, null);
INSERT INTO Arbeitsdienste (AD_ID, AT_ID, Faelligkeit) VALUES (100, 20, null);
INSERT INTO Arbeitsdienste (AD_ID, AT_ID, Faelligkeit) VALUES (101, 4, null);
INSERT INTO Arbeitsdienste (AD_ID, AT_ID, Faelligkeit) VALUES (102, 5, null);
INSERT INTO Arbeitsdienste (AD_ID, AT_ID, Faelligkeit) VALUES (103, 6, null);
INSERT INTO Arbeitsdienste (AD_ID, AT_ID, Faelligkeit) VALUES (104, 7, null);
INSERT INTO Arbeitsdienste (AD_ID, AT_ID, Faelligkeit) VALUES (105, 8, null);
INSERT INTO Arbeitsdienste (AD_ID, AT_ID, Faelligkeit) VALUES (106, 9, null);
INSERT INTO Arbeitsdienste (AD_ID, AT_ID, Faelligkeit) VALUES (107, 10, null);
INSERT INTO Arbeitsdienste (AD_ID, AT_ID, Faelligkeit) VALUES (108, 11, null);
INSERT INTO Arbeitsdienste (AD_ID, AT_ID, Faelligkeit) VALUES (109, 12, null);
INSERT INTO Arbeitsdienste (AD_ID, AT_ID, Faelligkeit) VALUES (110, 18, null);

--Lagerpflege (Verbrauchsmittelpflege) (-> benötigt AD_ID, VM_ID)
INSERT INTO Lagerpflege (AD_ID, VM_ID) VALUES (62, 1);
INSERT INTO Lagerpflege (AD_ID, VM_ID) VALUES (63, 2);
INSERT INTO Lagerpflege (AD_ID, VM_ID) VALUES (64, 3);
INSERT INTO Lagerpflege (AD_ID, VM_ID) VALUES (65, 4);
INSERT INTO Lagerpflege (AD_ID, VM_ID) VALUES (66, 5);
INSERT INTO Lagerpflege (AD_ID, VM_ID) VALUES (67, 6);
INSERT INTO Lagerpflege (AD_ID, VM_ID) VALUES (68, 7);
INSERT INTO Lagerpflege (AD_ID, VM_ID) VALUES (69, 8);
INSERT INTO Lagerpflege (AD_ID, VM_ID) VALUES (70, 9);
INSERT INTO Lagerpflege (AD_ID, VM_ID) VALUES (71, 10);
INSERT INTO Lagerpflege (AD_ID, VM_ID) VALUES (72, 11);
INSERT INTO Lagerpflege (AD_ID, VM_ID) VALUES (73, 12);
INSERT INTO Lagerpflege (AD_ID, VM_ID) VALUES (74, 13);
INSERT INTO Lagerpflege (AD_ID, VM_ID) VALUES (75, 14);
INSERT INTO Lagerpflege (AD_ID, VM_ID) VALUES (76, 15);
INSERT INTO Lagerpflege (AD_ID, VM_ID) VALUES (77, 16);
INSERT INTO Lagerpflege (AD_ID, VM_ID) VALUES (78, 17);
INSERT INTO Lagerpflege (AD_ID, VM_ID) VALUES (79, 18);
INSERT INTO Lagerpflege (AD_ID, VM_ID) VALUES (80, 19);
INSERT INTO Lagerpflege (AD_ID, VM_ID) VALUES (81, 20);
INSERT INTO Lagerpflege (AD_ID, VM_ID) VALUES (82, 21);
INSERT INTO Lagerpflege (AD_ID, VM_ID) VALUES (83, 22);
INSERT INTO Lagerpflege (AD_ID, VM_ID) VALUES (84, 23);
INSERT INTO Lagerpflege (AD_ID, VM_ID) VALUES (85, 24);
INSERT INTO Lagerpflege (AD_ID, VM_ID) VALUES (86, 25);
INSERT INTO Lagerpflege (AD_ID, VM_ID) VALUES (87, 26);
INSERT INTO Lagerpflege (AD_ID, VM_ID) VALUES (88, 27);
INSERT INTO Lagerpflege (AD_ID, VM_ID) VALUES (89, 28);
INSERT INTO Lagerpflege (AD_ID, VM_ID) VALUES (90, 29);
INSERT INTO Lagerpflege (AD_ID, VM_ID) VALUES (91, 30);
INSERT INTO Lagerpflege (AD_ID, VM_ID) VALUES (92, 31);
INSERT INTO Lagerpflege (AD_ID, VM_ID) VALUES (93, 32);
INSERT INTO Lagerpflege (AD_ID, VM_ID) VALUES (94, 33);
INSERT INTO Lagerpflege (AD_ID, VM_ID) VALUES (95, 34);
INSERT INTO Lagerpflege (AD_ID, VM_ID) VALUES (96, 35);
INSERT INTO Lagerpflege (AD_ID, VM_ID) VALUES (97, 36);
INSERT INTO Lagerpflege (AD_ID, VM_ID) VALUES (98, 37);
INSERT INTO Lagerpflege (AD_ID, VM_ID) VALUES (99, 38);
INSERT INTO Lagerpflege (AD_ID, VM_ID) VALUES (100, 39);

--Verbrauch (-> benötigt TR_ID, VM_ID, AD_ID)
INSERT INTO Verbrauch (TR_ID, VM_ID, Anzahl, AD_ID) VALUES (7, 28, 1, 12);
INSERT INTO Verbrauch (TR_ID, VM_ID, Anzahl, AD_ID) VALUES (1, 22, 3, 7);
INSERT INTO Verbrauch (TR_ID, VM_ID, Anzahl, AD_ID) VALUES (1, 26, 1, null);
INSERT INTO Verbrauch (TR_ID, VM_ID, Anzahl, AD_ID) VALUES (1, 18, 0, null);
INSERT INTO Verbrauch (TR_ID, VM_ID, Anzahl, AD_ID) VALUES (1, 13, 1, null);
INSERT INTO Verbrauch (TR_ID, VM_ID, Anzahl, AD_ID) VALUES (1, 4, 1, null);
INSERT INTO Verbrauch (TR_ID, VM_ID, Anzahl, AD_ID) VALUES (2, 13, 1, null);
INSERT INTO Verbrauch (TR_ID, VM_ID, Anzahl, AD_ID) VALUES (2, 11, 1, null);
INSERT INTO Verbrauch (TR_ID, VM_ID, Anzahl, AD_ID) VALUES (2, 24, 1, null);
INSERT INTO Verbrauch (TR_ID, VM_ID, Anzahl, AD_ID) VALUES (2, 25, 1, null);
INSERT INTO Verbrauch (TR_ID, VM_ID, Anzahl, AD_ID) VALUES (2, 22, 3, null);
INSERT INTO Verbrauch (TR_ID, VM_ID, Anzahl, AD_ID) VALUES (2, 17, 0, null);
INSERT INTO Verbrauch (TR_ID, VM_ID, Anzahl, AD_ID) VALUES (3, 4, 1, null);
INSERT INTO Verbrauch (TR_ID, VM_ID, Anzahl, AD_ID) VALUES (3, 25, 4, null);
INSERT INTO Verbrauch (TR_ID, VM_ID, Anzahl, AD_ID) VALUES (3, 21, 1, null);
INSERT INTO Verbrauch (TR_ID, VM_ID, Anzahl, AD_ID) VALUES (3, 32, 1, null);
INSERT INTO Verbrauch (TR_ID, VM_ID, Anzahl, AD_ID) VALUES (3, 33, 3, null);
INSERT INTO Verbrauch (TR_ID, VM_ID, Anzahl, AD_ID) VALUES (3, 31, 0, null);
INSERT INTO Verbrauch (TR_ID, VM_ID, Anzahl, AD_ID) VALUES (4, 4, 1, null);
INSERT INTO Verbrauch (TR_ID, VM_ID, Anzahl, AD_ID) VALUES (4, 8, 1, null);
INSERT INTO Verbrauch (TR_ID, VM_ID, Anzahl, AD_ID) VALUES (4, 23, 3, null);
INSERT INTO Verbrauch (TR_ID, VM_ID, Anzahl, AD_ID) VALUES (4, 20, 1, null);
INSERT INTO Verbrauch (TR_ID, VM_ID, Anzahl, AD_ID) VALUES (4, 19, 0, null);
INSERT INTO Verbrauch (TR_ID, VM_ID, Anzahl, AD_ID) VALUES (5, 34, 1, null);
INSERT INTO Verbrauch (TR_ID, VM_ID, Anzahl, AD_ID) VALUES (5, 25, 3, null);
INSERT INTO Verbrauch (TR_ID, VM_ID, Anzahl, AD_ID) VALUES (5, 23, 1, null);
INSERT INTO Verbrauch (TR_ID, VM_ID, Anzahl, AD_ID) VALUES (5, 18, 0, null);
INSERT INTO Verbrauch (TR_ID, VM_ID, Anzahl, AD_ID) VALUES (6, 21, 1, null);
INSERT INTO Verbrauch (TR_ID, VM_ID, Anzahl, AD_ID) VALUES (6, 23, 1, null);
INSERT INTO Verbrauch (TR_ID, VM_ID, Anzahl, AD_ID) VALUES (6, 35, 1, null);
INSERT INTO Verbrauch (TR_ID, VM_ID, Anzahl, AD_ID) VALUES (6, 31, 0, null);
INSERT INTO Verbrauch (TR_ID, VM_ID, Anzahl, AD_ID) VALUES (7, 11, 1, null);
INSERT INTO Verbrauch (TR_ID, VM_ID, Anzahl, AD_ID) VALUES (7, 13, 4, null);
INSERT INTO Verbrauch (TR_ID, VM_ID, Anzahl, AD_ID) VALUES (7, 21, 3, null);
INSERT INTO Verbrauch (TR_ID, VM_ID, Anzahl, AD_ID) VALUES (7, 36, 1, null);
INSERT INTO Verbrauch (TR_ID, VM_ID, Anzahl, AD_ID) VALUES (7, 32, 1, null);
INSERT INTO Verbrauch (TR_ID, VM_ID, Anzahl, AD_ID) VALUES (7, 20, 1, null);
INSERT INTO Verbrauch (TR_ID, VM_ID, Anzahl, AD_ID) VALUES (7, 16, 0, null);
INSERT INTO Verbrauch (TR_ID, VM_ID, Anzahl, AD_ID) VALUES (8, 11, 1, null);
INSERT INTO Verbrauch (TR_ID, VM_ID, Anzahl, AD_ID) VALUES (8, 13, 3, null);
INSERT INTO Verbrauch (TR_ID, VM_ID, Anzahl, AD_ID) VALUES (8, 24, 2, null);
INSERT INTO Verbrauch (TR_ID, VM_ID, Anzahl, AD_ID) VALUES (8, 25, 1, null);
INSERT INTO Verbrauch (TR_ID, VM_ID, Anzahl, AD_ID) VALUES (8, 21, 4, null);
INSERT INTO Verbrauch (TR_ID, VM_ID, Anzahl, AD_ID) VALUES (8, 32, 1, null);
INSERT INTO Verbrauch (TR_ID, VM_ID, Anzahl, AD_ID) VALUES (8, 20, 1, null);
INSERT INTO Verbrauch (TR_ID, VM_ID, Anzahl, AD_ID) VALUES (8, 16, 0, null);
INSERT INTO Verbrauch (TR_ID, VM_ID, Anzahl, AD_ID) VALUES (9, 11, 1, null);
INSERT INTO Verbrauch (TR_ID, VM_ID, Anzahl, AD_ID) VALUES (9, 13, 4, null);
INSERT INTO Verbrauch (TR_ID, VM_ID, Anzahl, AD_ID) VALUES (9, 21, 5, null);
INSERT INTO Verbrauch (TR_ID, VM_ID, Anzahl, AD_ID) VALUES (9, 37, 1, null);
INSERT INTO Verbrauch (TR_ID, VM_ID, Anzahl, AD_ID) VALUES (9, 38, 1, null);
INSERT INTO Verbrauch (TR_ID, VM_ID, Anzahl, AD_ID) VALUES (9, 20, 1, null);
INSERT INTO Verbrauch (TR_ID, VM_ID, Anzahl, AD_ID) VALUES (9, 16, 0, null);
INSERT INTO Verbrauch (TR_ID, VM_ID, Anzahl, AD_ID) VALUES (10, 4, 2, null);
INSERT INTO Verbrauch (TR_ID, VM_ID, Anzahl, AD_ID) VALUES (10, 13, 2, null);
INSERT INTO Verbrauch (TR_ID, VM_ID, Anzahl, AD_ID) VALUES (10, 25, 9, null);
INSERT INTO Verbrauch (TR_ID, VM_ID, Anzahl, AD_ID) VALUES (10, 29, 1, null);
INSERT INTO Verbrauch (TR_ID, VM_ID, Anzahl, AD_ID) VALUES (10, 39, 2, null);
INSERT INTO Verbrauch (TR_ID, VM_ID, Anzahl, AD_ID) VALUES (10, 18, 0, null);

--FUTTER (erzeugt FU_ID)
INSERT INTO Futter (FU_ID, Bezeichnung, Lagerungsform) VALUES (1, 'Fische', 'tiefgekühlt');
INSERT INTO Futter (FU_ID, Bezeichnung, Lagerungsform) VALUES (2, 'Wasserschildkröten- / Gupyfutter (Fischpellets)', 'getrocknet');
INSERT INTO Futter (FU_ID, Bezeichnung, Lagerungsform) VALUES (3, 'Frischwasser', 'frisch/Wasserhahn');
INSERT INTO Futter (FU_ID, Bezeichnung, Lagerungsform) VALUES (4, 'Heimchen', 'lebend');
INSERT INTO Futter (FU_ID, Bezeichnung, Lagerungsform) VALUES (5, 'Heuschrecken, adult', 'lebend');
INSERT INTO Futter (FU_ID, Bezeichnung, Lagerungsform) VALUES (6, 'Heuschrecken, subadult', 'lebend');
INSERT INTO Futter (FU_ID, Bezeichnung, Lagerungsform) VALUES (7, 'Mäuse / Sinte', 'tiefgekühlt');
INSERT INTO Futter (FU_ID, Bezeichnung, Lagerungsform) VALUES (8, 'Rohkost / Salat', 'frisch/gekühlt');
INSERT INTO Futter (FU_ID, Bezeichnung, Lagerungsform) VALUES (9, 'Schrimps', 'getrocknet');
INSERT INTO Futter (FU_ID, Bezeichnung, Lagerungsform) VALUES (10, 'Fruchtbrei', '');
INSERT INTO Futter (FU_ID, Bezeichnung, Lagerungsform) VALUES (11, 'Obstschale', 'frisch');

--Tierpflege (-> benötigt AD_ID, TI_ID, FU_ID)
INSERT INTO Tierpflege (AD_ID, TI_ID, FU_ID, Menge_min, Menge_max, Mahlkategorie) VALUES (1, 6, 4, 1, 2, 1);
INSERT INTO Tierpflege (AD_ID, TI_ID, FU_ID, Menge_min, Menge_max, Mahlkategorie) VALUES (2, 7, 4, 1, 2, 1);
INSERT INTO Tierpflege (AD_ID, TI_ID, FU_ID, Menge_min, Menge_max, Mahlkategorie) VALUES (3, 8, 1, 2, 2, 1);
INSERT INTO Tierpflege (AD_ID, TI_ID, FU_ID, Menge_min, Menge_max, Mahlkategorie) VALUES (4, 8, 2, 1, 1, 3);
INSERT INTO Tierpflege (AD_ID, TI_ID, FU_ID, Menge_min, Menge_max, Mahlkategorie) VALUES (5, 10, 4, 3, 4, 1);
INSERT INTO Tierpflege (AD_ID, TI_ID, FU_ID, Menge_min, Menge_max, Mahlkategorie) VALUES (6, 11, 4, 3, 4, 1);
INSERT INTO Tierpflege (AD_ID, TI_ID, FU_ID, Menge_min, Menge_max, Mahlkategorie) VALUES (7, 12, 4, 3, 4, 1);
INSERT INTO Tierpflege (AD_ID, TI_ID, FU_ID, Menge_min, Menge_max, Mahlkategorie) VALUES (8, 13, 4, 3, 4, 1);
INSERT INTO Tierpflege (AD_ID, TI_ID, FU_ID, Menge_min, Menge_max, Mahlkategorie) VALUES (9, 14, 4, 3, 4, 1);
INSERT INTO Tierpflege (AD_ID, TI_ID, FU_ID, Menge_min, Menge_max, Mahlkategorie) VALUES (10, 14, 8, 1, 1, 2);
INSERT INTO Tierpflege (AD_ID, TI_ID, FU_ID, Menge_min, Menge_max, Mahlkategorie) VALUES (11, 15, 4, 2, 3, 1);
INSERT INTO Tierpflege (AD_ID, TI_ID, FU_ID, Menge_min, Menge_max, Mahlkategorie) VALUES (13, 16, 11, 1, 1, 3);
INSERT INTO Tierpflege (AD_ID, TI_ID, FU_ID, Menge_min, Menge_max, Mahlkategorie) VALUES (14, 16, 4, 6, 8, 2);
INSERT INTO Tierpflege (AD_ID, TI_ID, FU_ID, Menge_min, Menge_max, Mahlkategorie) VALUES (15, 17, 5, 2, 3, 1);
INSERT INTO Tierpflege (AD_ID, TI_ID, FU_ID, Menge_min, Menge_max, Mahlkategorie) VALUES (16, 17, 11, 1, 1, 3);
INSERT INTO Tierpflege (AD_ID, TI_ID, FU_ID, Menge_min, Menge_max, Mahlkategorie) VALUES (17, 17, 4, 4, 5, 2);
INSERT INTO Tierpflege (AD_ID, TI_ID, FU_ID, Menge_min, Menge_max, Mahlkategorie) VALUES (18, 20, 4, 1, 2, 1);
INSERT INTO Tierpflege (AD_ID, TI_ID, FU_ID, Menge_min, Menge_max, Mahlkategorie) VALUES (19, 20, 10, 1, 1, 3);
INSERT INTO Tierpflege (AD_ID, TI_ID, FU_ID, Menge_min, Menge_max, Mahlkategorie) VALUES (20, 21, 4, 4, 5, 1);
INSERT INTO Tierpflege (AD_ID, TI_ID, FU_ID, Menge_min, Menge_max, Mahlkategorie) VALUES (21, 21, 5, 1, 1, 2);
INSERT INTO Tierpflege (AD_ID, TI_ID, FU_ID, Menge_min, Menge_max, Mahlkategorie) VALUES (22, 21, 8, 1, 1, 3);
INSERT INTO Tierpflege (AD_ID, TI_ID, FU_ID, Menge_min, Menge_max, Mahlkategorie) VALUES (23, 22, 4, 4, 5, 1);
INSERT INTO Tierpflege (AD_ID, TI_ID, FU_ID, Menge_min, Menge_max, Mahlkategorie) VALUES (24, 22, 5, 1, 1, 2);
INSERT INTO Tierpflege (AD_ID, TI_ID, FU_ID, Menge_min, Menge_max, Mahlkategorie) VALUES (25, 22, 8, 1, 1, 3);
INSERT INTO Tierpflege (AD_ID, TI_ID, FU_ID, Menge_min, Menge_max, Mahlkategorie) VALUES (26, 23, 4, 4, 5, 1);
INSERT INTO Tierpflege (AD_ID, TI_ID, FU_ID, Menge_min, Menge_max, Mahlkategorie) VALUES (27, 23, 5, 1, 1, 2);
INSERT INTO Tierpflege (AD_ID, TI_ID, FU_ID, Menge_min, Menge_max, Mahlkategorie) VALUES (28, 23, 8, 1, 1, 3);
INSERT INTO Tierpflege (AD_ID, TI_ID, FU_ID, Menge_min, Menge_max, Mahlkategorie) VALUES (29, 24, 4, 4, 5, 1);
INSERT INTO Tierpflege (AD_ID, TI_ID, FU_ID, Menge_min, Menge_max, Mahlkategorie) VALUES (30, 24, 5, 1, 1, 2);
INSERT INTO Tierpflege (AD_ID, TI_ID, FU_ID, Menge_min, Menge_max, Mahlkategorie) VALUES (31, 24, 8, 1, 1, 3);
INSERT INTO Tierpflege (AD_ID, TI_ID, FU_ID, Menge_min, Menge_max, Mahlkategorie) VALUES (32, 25, 4, 4, 5, 1);
INSERT INTO Tierpflege (AD_ID, TI_ID, FU_ID, Menge_min, Menge_max, Mahlkategorie) VALUES (33, 25, 5, 1, 1, 2);
INSERT INTO Tierpflege (AD_ID, TI_ID, FU_ID, Menge_min, Menge_max, Mahlkategorie) VALUES (34, 25, 8, 1, 1, 3);
INSERT INTO Tierpflege (AD_ID, TI_ID, FU_ID, Menge_min, Menge_max, Mahlkategorie) VALUES (35, 26, 7, 1, 1, 1);
INSERT INTO Tierpflege (AD_ID, TI_ID, FU_ID, Menge_min, Menge_max, Mahlkategorie) VALUES (36, 27, 5, 2, 2, 1);
INSERT INTO Tierpflege (AD_ID, TI_ID, FU_ID, Menge_min, Menge_max, Mahlkategorie) VALUES (37, 27, 6, 3, 3, 2);
INSERT INTO Tierpflege (AD_ID, TI_ID, FU_ID, Menge_min, Menge_max, Mahlkategorie) VALUES (38, 27, 4, 4, 5, 2);
INSERT INTO Tierpflege (AD_ID, TI_ID, FU_ID, Menge_min, Menge_max, Mahlkategorie) VALUES (39, 28, 5, 2, 2, 1);
INSERT INTO Tierpflege (AD_ID, TI_ID, FU_ID, Menge_min, Menge_max, Mahlkategorie) VALUES (40, 28, 6, 3, 3, 2);
INSERT INTO Tierpflege (AD_ID, TI_ID, FU_ID, Menge_min, Menge_max, Mahlkategorie) VALUES (41, 28, 4, 4, 5, 2);
INSERT INTO Tierpflege (AD_ID, TI_ID, FU_ID, Menge_min, Menge_max, Mahlkategorie) VALUES (42, 29, 5, 2, 2, 1);
INSERT INTO Tierpflege (AD_ID, TI_ID, FU_ID, Menge_min, Menge_max, Mahlkategorie) VALUES (43, 29, 6, 3, 3, 2);
INSERT INTO Tierpflege (AD_ID, TI_ID, FU_ID, Menge_min, Menge_max, Mahlkategorie) VALUES (44, 29, 4, 4, 5, 2);
INSERT INTO Tierpflege (AD_ID, TI_ID, FU_ID, Menge_min, Menge_max, Mahlkategorie) VALUES (45, 30, 4, 15, 15, 1);
INSERT INTO Tierpflege (AD_ID, TI_ID, FU_ID, Menge_min, Menge_max, Mahlkategorie) VALUES (46, 31, 4, 15, 15, 1);
INSERT INTO Tierpflege (AD_ID, TI_ID, FU_ID, Menge_min, Menge_max, Mahlkategorie) VALUES (47, 32, 4, 15, 15, 1);
INSERT INTO Tierpflege (AD_ID, TI_ID, FU_ID, Menge_min, Menge_max, Mahlkategorie) VALUES (48, 33, 4, 15, 15, 1);
INSERT INTO Tierpflege (AD_ID, TI_ID, FU_ID, Menge_min, Menge_max, Mahlkategorie) VALUES (49, 34, 1, 1, 1, 1);
INSERT INTO Tierpflege (AD_ID, TI_ID, FU_ID, Menge_min, Menge_max, Mahlkategorie) VALUES (50, 34, 2, 1, 1, 3);
INSERT INTO Tierpflege (AD_ID, TI_ID, FU_ID, Menge_min, Menge_max, Mahlkategorie) VALUES (51, 35, 1, 1, 1, 1);
INSERT INTO Tierpflege (AD_ID, TI_ID, FU_ID, Menge_min, Menge_max, Mahlkategorie) VALUES (52, 35, 2, 1, 1, 3);
INSERT INTO Tierpflege (AD_ID, TI_ID, FU_ID, Menge_min, Menge_max, Mahlkategorie) VALUES (53, 36, 10, 1, 1, 3);
INSERT INTO Tierpflege (AD_ID, TI_ID, FU_ID, Menge_min, Menge_max, Mahlkategorie) VALUES (54, 36, 4, 1, 2, 1);
INSERT INTO Tierpflege (AD_ID, TI_ID, FU_ID, Menge_min, Menge_max, Mahlkategorie) VALUES (55, 37, 7, 1, 1, 1);
INSERT INTO Tierpflege (AD_ID, TI_ID, FU_ID, Menge_min, Menge_max, Mahlkategorie) VALUES (56, 38, 4, 3, 3, 1);
INSERT INTO Tierpflege (AD_ID, TI_ID, FU_ID, Menge_min, Menge_max, Mahlkategorie) VALUES (57, 39, 4, 3, 3, 1);
INSERT INTO Tierpflege (AD_ID, TI_ID, FU_ID, Menge_min, Menge_max, Mahlkategorie) VALUES (58, 40, 4, 3, 3, 1);
INSERT INTO Tierpflege (AD_ID, TI_ID, FU_ID, Menge_min, Menge_max, Mahlkategorie) VALUES (59, 41, 4, 5, 8, 1);
INSERT INTO Tierpflege (AD_ID, TI_ID, FU_ID, Menge_min, Menge_max, Mahlkategorie) VALUES (60, 44, 8, 1, 1, 1);
INSERT INTO Tierpflege (AD_ID, TI_ID, FU_ID, Menge_min, Menge_max, Mahlkategorie) VALUES (61, 1, null, null, null, null);
INSERT INTO Tierpflege (AD_ID, TI_ID, FU_ID, Menge_min, Menge_max, Mahlkategorie) VALUES (62, 2, null, null, null, null);
INSERT INTO Tierpflege (AD_ID, TI_ID, FU_ID, Menge_min, Menge_max, Mahlkategorie) VALUES (63, 3, null, null, null, null);
INSERT INTO Tierpflege (AD_ID, TI_ID, FU_ID, Menge_min, Menge_max, Mahlkategorie) VALUES (64, 4, null, null, null, null);
INSERT INTO Tierpflege (AD_ID, TI_ID, FU_ID, Menge_min, Menge_max, Mahlkategorie) VALUES (65, 5, null, null, null, null);
INSERT INTO Tierpflege (AD_ID, TI_ID, FU_ID, Menge_min, Menge_max, Mahlkategorie) VALUES (66, 9, null, null, null, null);
INSERT INTO Tierpflege (AD_ID, TI_ID, FU_ID, Menge_min, Menge_max, Mahlkategorie) VALUES (67, 18, 8, 1, 1, 1);
INSERT INTO Tierpflege (AD_ID, TI_ID, FU_ID, Menge_min, Menge_max, Mahlkategorie) VALUES (68, 19, 8, 1, 1, 1);
INSERT INTO Tierpflege (AD_ID, TI_ID, FU_ID, Menge_min, Menge_max, Mahlkategorie) VALUES (69, 42, null, null, null, null);
INSERT INTO Tierpflege (AD_ID, TI_ID, FU_ID, Menge_min, Menge_max, Mahlkategorie) VALUES (70, 43, null, null, null, null);

--Terrariumpflege (-> benötigt AD_ID, TR_ID)
INSERT INTO Terrariumpflege (AD_ID, TR_ID) VALUES (101, 1);
INSERT INTO Terrariumpflege (AD_ID, TR_ID) VALUES (102, 1);
INSERT INTO Terrariumpflege (AD_ID, TR_ID) VALUES (103, 1);
INSERT INTO Terrariumpflege (AD_ID, TR_ID) VALUES (104, 1);
INSERT INTO Terrariumpflege (AD_ID, TR_ID) VALUES (105, 1);
INSERT INTO Terrariumpflege (AD_ID, TR_ID) VALUES (106, 1);
INSERT INTO Terrariumpflege (AD_ID, TR_ID) VALUES (107, 1);
INSERT INTO Terrariumpflege (AD_ID, TR_ID) VALUES (108, 1);
INSERT INTO Terrariumpflege (AD_ID, TR_ID) VALUES (109, 1);
INSERT INTO Terrariumpflege (AD_ID, TR_ID) VALUES (110, 1);
