--UNTERARTEN (erstellt UA_ID)
INSERT INTO Unterarten (UA_ID, Bezeichnung, Heimat, Lebensraum, Temperatur, Luftfeuchtigkeit, Groesse, Lebenserwartung, Ernaehrung, Besonderheiten) VALUES (1, 'Bartagame', '', '', '', '', '', '', '', '');
INSERT INTO Unterarten (UA_ID, Bezeichnung, Heimat, Lebensraum, Temperatur, Luftfeuchtigkeit, Groesse, Lebenserwartung, Ernaehrung, Besonderheiten) VALUES (2, 'Chamäleon', '', '', '', '', '', '', '', '');
INSERT INTO Unterarten (UA_ID, Bezeichnung, Heimat, Lebensraum, Temperatur, Luftfeuchtigkeit, Groesse, Lebenserwartung, Ernaehrung, Besonderheiten) VALUES (3, 'Europäische Sumpfschildkröte', '', '', '', '', '', '', '', '');
INSERT INTO Unterarten (UA_ID, Bezeichnung, Heimat, Lebensraum, Temperatur, Luftfeuchtigkeit, Groesse, Lebenserwartung, Ernaehrung, Besonderheiten) VALUES (4, 'Grüne Wasseragame', '', '', '', '', '', '', '', '');
INSERT INTO Unterarten (UA_ID, Bezeichnung, Heimat, Lebensraum, Temperatur, Luftfeuchtigkeit, Groesse, Lebenserwartung, Ernaehrung, Besonderheiten) VALUES (5, 'Kornnatter', '', '', '', '', '', '', '', '');
INSERT INTO Unterarten (UA_ID, Bezeichnung, Heimat, Lebensraum, Temperatur, Luftfeuchtigkeit, Groesse, Lebenserwartung, Ernaehrung, Besonderheiten) VALUES (6, 'Griechische Landschildkröte', '', '', '', '', '', '', '', '');
INSERT INTO Unterarten (UA_ID, Bezeichnung, Heimat, Lebensraum, Temperatur, Luftfeuchtigkeit, Groesse, Lebenserwartung, Ernaehrung, Besonderheiten) VALUES (7, 'Leopardengecko', '', '', '', '', '', '', '', '');
INSERT INTO Unterarten (UA_ID, Bezeichnung, Heimat, Lebensraum, Temperatur, Luftfeuchtigkeit, Groesse, Lebenserwartung, Ernaehrung, Besonderheiten) VALUES (8, 'Madagaskar-Taggecko', '', '', '', '', '', '', '', '');
INSERT INTO Unterarten (UA_ID, Bezeichnung, Heimat, Lebensraum, Temperatur, Luftfeuchtigkeit, Groesse, Lebenserwartung, Ernaehrung, Besonderheiten) VALUES (9, 'Ritteranolis', '', '', '', '', '', '', '', '');
INSERT INTO Unterarten (UA_ID, Bezeichnung, Heimat, Lebensraum, Temperatur, Luftfeuchtigkeit, Groesse, Lebenserwartung, Ernaehrung, Besonderheiten) VALUES (10, 'Stachelleguan', '', '', '', '', '', '', '', '');
INSERT INTO Unterarten (UA_ID, Bezeichnung, Heimat, Lebensraum, Temperatur, Luftfeuchtigkeit, Groesse, Lebenserwartung, Ernaehrung, Besonderheiten) VALUES (11, 'Sudan-Schildechse', '', '', '', '', '', '', '', '');
INSERT INTO Unterarten (UA_ID, Bezeichnung, Heimat, Lebensraum, Temperatur, Luftfeuchtigkeit, Groesse, Lebenserwartung, Ernaehrung, Besonderheiten) VALUES (12, 'Wüsten-Halsbandleguan', '', '', '', '', '', '', '', '');
INSERT INTO Unterarten (UA_ID, Bezeichnung, Heimat, Lebensraum, Temperatur, Luftfeuchtigkeit, Groesse, Lebenserwartung, Ernaehrung, Besonderheiten) VALUES (13, 'Zwergbartagame', '', '', '', '', '', '', '', '');
INSERT INTO Unterarten (UA_ID, Bezeichnung, Heimat, Lebensraum, Temperatur, Luftfeuchtigkeit, Groesse, Lebenserwartung, Ernaehrung, Besonderheiten) VALUES (14, 'Moschusschildkröte', '', '', '', '', '', '', '', '');
INSERT INTO Unterarten (UA_ID, Bezeichnung, Heimat, Lebensraum, Temperatur, Luftfeuchtigkeit, Groesse, Lebenserwartung, Ernaehrung, Besonderheiten) VALUES (15, 'Königspython', '', '', '', '', '', '', '', '');
INSERT INTO Unterarten (UA_ID, Bezeichnung, Heimat, Lebensraum, Temperatur, Luftfeuchtigkeit, Groesse, Lebenserwartung, Ernaehrung, Besonderheiten) VALUES (16, 'Sandfische', '', '', '', '', '', '', '', '');
INSERT INTO Unterarten (UA_ID, Bezeichnung, Heimat, Lebensraum, Temperatur, Luftfeuchtigkeit, Groesse, Lebenserwartung, Ernaehrung, Besonderheiten) VALUES (17, 'Fächerfingergecko', 'Nordafrika, Iran, Irak', '', '', '', '', '', '', '');
INSERT INTO Unterarten (UA_ID, Bezeichnung, Heimat, Lebensraum, Temperatur, Luftfeuchtigkeit, Groesse, Lebenserwartung, Ernaehrung, Besonderheiten) VALUES (18, 'Grüner Leguan', '', '', '', '', '', '', '', '');

--HABITATTYP (erstellt HT_ID)
INSERT INTO Habitattypen (HT_ID, Bezeichnung, Beschreibung, Temperatur, Luftfeuchtigkeit, Ausstattung) VALUES (1, 'Regenwald', '', null, null, '');
INSERT INTO Habitattypen (HT_ID, Bezeichnung, Beschreibung, Temperatur, Luftfeuchtigkeit, Ausstattung) VALUES (2, 'Wüste', '', null, null, '');
INSERT INTO Habitattypen (HT_ID, Bezeichnung, Beschreibung, Temperatur, Luftfeuchtigkeit, Ausstattung) VALUES (3, 'Aquarium süß', '', null, 100, '');
INSERT INTO Habitattypen (HT_ID, Bezeichnung, Beschreibung, Temperatur, Luftfeuchtigkeit, Ausstattung) VALUES (4, 'Katastrophengebiet', '', null, null, '');
INSERT INTO Habitattypen (HT_ID, Bezeichnung, Beschreibung, Temperatur, Luftfeuchtigkeit, Ausstattung) VALUES (5, 'Wald', '', null, null, '');
INSERT INTO Habitattypen (HT_ID, Bezeichnung, Beschreibung, Temperatur, Luftfeuchtigkeit, Ausstattung) VALUES (6, 'Aquarium salzig', '', null, 100, '');

--TERRARIEN (erstellt TR_ID -> benötigt HT_ID)
INSERT INTO Terrarien (TR_ID, Name, Beschreibung, Raumnummer, HT_ID, Hoehe, Tiefe, Breite, Breite_vorn) VALUES (1, 'Bartagamengruppe', '', '', 2, 210, null, 366, 366);
INSERT INTO Terrarien (TR_ID, Name, Beschreibung, Raumnummer, HT_ID, Hoehe, Tiefe, Breite, Breite_vorn) VALUES (2, 'Shy Guy', '', '', 1, 738, 73, 39, 39);
INSERT INTO Terrarien (TR_ID, Name, Beschreibung, Raumnummer, HT_ID, Hoehe, Tiefe, Breite, Breite_vorn) VALUES (3, 'Günther & Giesela', 'mittig geteilt', '', 3, 50, 60, 120, 120);
INSERT INTO Terrarien (TR_ID, Name, Beschreibung, Raumnummer, HT_ID, Hoehe, Tiefe, Breite, Breite_vorn) VALUES (4, 'Cäsar, Cleopatra', '', '', 2, 50, 50, 100, 100);
INSERT INTO Terrarien (TR_ID, Name, Beschreibung, Raumnummer, HT_ID, Hoehe, Tiefe, Breite, Breite_vorn) VALUES (5, 'Koka', '', '', 2, 40, 50, 125, 125);
INSERT INTO Terrarien (TR_ID, Name, Beschreibung, Raumnummer, HT_ID, Hoehe, Tiefe, Breite, Breite_vorn) VALUES (6, 'Walburga', '', '', 3, 40, 50, 140, 140);
INSERT INTO Terrarien (TR_ID, Name, Beschreibung, Raumnummer, HT_ID, Hoehe, Tiefe, Breite, Breite_vorn) VALUES (7, 'Exo', '', '', 1, 140, 64, 95, 95);
INSERT INTO Terrarien (TR_ID, Name, Beschreibung, Raumnummer, HT_ID, Hoehe, Tiefe, Breite, Breite_vorn) VALUES (8, 'Terra', '', '', 1, 140, 64, 95, 95);
INSERT INTO Terrarien (TR_ID, Name, Beschreibung, Raumnummer, HT_ID, Hoehe, Tiefe, Breite, Breite_vorn) VALUES (9, 'Diva', '', '', 1, 150, 58, 111, 62);
INSERT INTO Terrarien (TR_ID, Name, Beschreibung, Raumnummer, HT_ID, Hoehe, Tiefe, Breite, Breite_vorn) VALUES (10, 'Schnute', '', '', 1, 300, 155, 350, 250);
INSERT INTO Terrarien (TR_ID, Name, Beschreibung, Raumnummer, HT_ID, Hoehe, Tiefe, Breite, Breite_vorn) VALUES (11, 'Sandfische', '', '', 2, 50, 42, 100, 100);
INSERT INTO Terrarien (TR_ID, Name, Beschreibung, Raumnummer, HT_ID, Hoehe, Tiefe, Breite, Breite_vorn) VALUES (12, 'NoOne', '', '', 2, 40, 40, 80, 80);
INSERT INTO Terrarien (TR_ID, Name, Beschreibung, Raumnummer, HT_ID, Hoehe, Tiefe, Breite, Breite_vorn) VALUES (13, 'Avery', '', '', 2, 38, 40, 100, 100);
INSERT INTO Terrarien (TR_ID, Name, Beschreibung, Raumnummer, HT_ID, Hoehe, Tiefe, Breite, Breite_vorn) VALUES (14, 'Tiana', '', '', 2, 50, 40, 100, 100);
INSERT INTO Terrarien (TR_ID, Name, Beschreibung, Raumnummer, HT_ID, Hoehe, Tiefe, Breite, Breite_vorn) VALUES (15, 'Nagini', '', '', 1, 120, 72, 100, 76);
INSERT INTO Terrarien (TR_ID, Name, Beschreibung, Raumnummer, HT_ID, Hoehe, Tiefe, Breite, Breite_vorn) VALUES (16, 'Schnecken', '', '', 5, 41, 50, 124, 124);
INSERT INTO Terrarien (TR_ID, Name, Beschreibung, Raumnummer, HT_ID, Hoehe, Tiefe, Breite, Breite_vorn) VALUES (17, 'Ritteranolis', '', '', 1, 120, 59, 120, 120);
INSERT INTO Terrarien (TR_ID, Name, Beschreibung, Raumnummer, HT_ID, Hoehe, Tiefe, Breite, Breite_vorn) VALUES (18, 'Beatles', '', '', 2, 65, 59, 120, 120);
INSERT INTO Terrarien (TR_ID, Name, Beschreibung, Raumnummer, HT_ID, Hoehe, Tiefe, Breite, Breite_vorn) VALUES (19, 'Riegel', '', '', 1, 65, 59, 120, 120);
INSERT INTO Terrarien (TR_ID, Name, Beschreibung, Raumnummer, HT_ID, Hoehe, Tiefe, Breite, Breite_vorn) VALUES (20, 'Cola', '', '', 2, 72, 59, 120, 120);
INSERT INTO Terrarien (TR_ID, Name, Beschreibung, Raumnummer, HT_ID, Hoehe, Tiefe, Breite, Breite_vorn) VALUES (21, 'Lola & Diego', '', '', 2, 72, 59, 120, 120);
INSERT INTO Terrarien (TR_ID, Name, Beschreibung, Raumnummer, HT_ID, Hoehe, Tiefe, Breite, Breite_vorn) VALUES (22, 'Paul', '', '', 2, 72, 59, 120, 120);
INSERT INTO Terrarien (TR_ID, Name, Beschreibung, Raumnummer, HT_ID, Hoehe, Tiefe, Breite, Breite_vorn) VALUES (23, 'Zwergagame', '', '', 2, 8, 45, 120, 120);
INSERT INTO Terrarien (TR_ID, Name, Beschreibung, Raumnummer, HT_ID, Hoehe, Tiefe, Breite, Breite_vorn) VALUES (24, 'Kiwi', '', '', 2, 35, 100, 155, 155);
INSERT INTO Terrarien (TR_ID, Name, Beschreibung, Raumnummer, HT_ID, Hoehe, Tiefe, Breite, Breite_vorn) VALUES (25, 'Charlie', '', '', 2, 35, 80, 210, 210);
INSERT INTO Terrarien (TR_ID, Name, Beschreibung, Raumnummer, HT_ID, Hoehe, Tiefe, Breite, Breite_vorn) VALUES (26, 'Papa Wutz', '', '', 2, 72, 59, 150, 150);
INSERT INTO Terrarien (TR_ID, Name, Beschreibung, Raumnummer, HT_ID, Hoehe, Tiefe, Breite, Breite_vorn) VALUES (27, 'Lord', '', '', 1, 300, 150, 320, 320);
INSERT INTO Terrarien (TR_ID, Name, Beschreibung, Raumnummer, HT_ID, Hoehe, Tiefe, Breite, Breite_vorn) VALUES (28, 'Baby blue', '', '', 1, 300, 180, 290, 290);
INSERT INTO Terrarien (TR_ID, Name, Beschreibung, Raumnummer, HT_ID, Hoehe, Tiefe, Breite, Breite_vorn) VALUES (29, 'Klassenraum', '', '', 4, 300, 810, 700, 700);
INSERT INTO Terrarien (TR_ID, Name, Beschreibung, Raumnummer, HT_ID, Hoehe, Tiefe, Breite, Breite_vorn) VALUES (30, 'Golden Dragon', '', '', null, null, null, null, null);
INSERT INTO Terrarien (TR_ID, Name, Beschreibung, Raumnummer, HT_ID, Hoehe, Tiefe, Breite, Breite_vorn) VALUES (31, 'Stonki', '', '', null, null, null, null, null);
INSERT INTO Terrarien (TR_ID, Name, Beschreibung, Raumnummer, HT_ID, Hoehe, Tiefe, Breite, Breite_vorn) VALUES (32, 'Yoshie', '', '', null, null, null, null, null);

--TIERE (erstellt TI_ID -> benötigt UA_ID, TR_ID)
INSERT INTO Tiere (TI_ID, Name, UA_ID, Geschlecht, Zugangsdatum, Laenge, Gewicht, TR_ID) VALUES (1, 'Exo', 4, 'M', null, 54, 229, 7);
INSERT INTO Tiere (TI_ID, Name, UA_ID, Geschlecht, Zugangsdatum, Laenge, Gewicht, TR_ID) VALUES (2, 'Terra', 4, 'M', null, 52, 221, 8);
INSERT INTO Tiere (TI_ID, Name, UA_ID, Geschlecht, Zugangsdatum, Laenge, Gewicht, TR_ID) VALUES (3, 'Diva', 2, 'W', null, 21, 80, 9);
INSERT INTO Tiere (TI_ID, Name, UA_ID, Geschlecht, Zugangsdatum, Laenge, Gewicht, TR_ID) VALUES (4, 'Kleopatra', 7, 'W', null, 22, 40, 4);
INSERT INTO Tiere (TI_ID, Name, UA_ID, Geschlecht, Zugangsdatum, Laenge, Gewicht, TR_ID) VALUES (5, 'Caesar', 7, 'M', null, 20, 41, 4);
INSERT INTO Tiere (TI_ID, Name, UA_ID, Geschlecht, Zugangsdatum, Laenge, Gewicht, TR_ID) VALUES (6, 'Tiana', 7, 'W', null, 18, 41, null);
INSERT INTO Tiere (TI_ID, Name, UA_ID, Geschlecht, Zugangsdatum, Laenge, Gewicht, TR_ID) VALUES (7, 'Avery', 7, 'M', null, 24, 58, null);
INSERT INTO Tiere (TI_ID, Name, UA_ID, Geschlecht, Zugangsdatum, Laenge, Gewicht, TR_ID) VALUES (8, 'Walburga', 3, 'W', null, 21, null, 6);
INSERT INTO Tiere (TI_ID, Name, UA_ID, Geschlecht, Zugangsdatum, Laenge, Gewicht, TR_ID) VALUES (9, 'Cola', 12, 'M', null, 30, 45, 20);
INSERT INTO Tiere (TI_ID, Name, UA_ID, Geschlecht, Zugangsdatum, Laenge, Gewicht, TR_ID) VALUES (10, 'Lola', 7, 'W', null, 21, 50, 21);
INSERT INTO Tiere (TI_ID, Name, UA_ID, Geschlecht, Zugangsdatum, Laenge, Gewicht, TR_ID) VALUES (11, 'Belle', 7, 'W', null, 14, 30, 21);
INSERT INTO Tiere (TI_ID, Name, UA_ID, Geschlecht, Zugangsdatum, Laenge, Gewicht, TR_ID) VALUES (12, 'Diego', 7, 'M', null, 21, 47, 21);
INSERT INTO Tiere (TI_ID, Name, UA_ID, Geschlecht, Zugangsdatum, Laenge, Gewicht, TR_ID) VALUES (13, 'Variana', 7, 'W', null, 22, null, 21);
INSERT INTO Tiere (TI_ID, Name, UA_ID, Geschlecht, Zugangsdatum, Laenge, Gewicht, TR_ID) VALUES (14, 'Stonki', 13, 'W', null, 20, 50, 31);
INSERT INTO Tiere (TI_ID, Name, UA_ID, Geschlecht, Zugangsdatum, Laenge, Gewicht, TR_ID) VALUES (15, 'Wutz', 1, 'M', null, 25, 230, 26);
INSERT INTO Tiere (TI_ID, Name, UA_ID, Geschlecht, Zugangsdatum, Laenge, Gewicht, TR_ID) VALUES (16, 'Lord', 4, 'M', null, null, null, 27);
INSERT INTO Tiere (TI_ID, Name, UA_ID, Geschlecht, Zugangsdatum, Laenge, Gewicht, TR_ID) VALUES (17, 'Blue', 4, 'W', null, 60, 173, 28);
INSERT INTO Tiere (TI_ID, Name, UA_ID, Geschlecht, Zugangsdatum, Laenge, Gewicht, TR_ID) VALUES (18, 'Kiwi', 6, 'W', null, 17, null, 24);
INSERT INTO Tiere (TI_ID, Name, UA_ID, Geschlecht, Zugangsdatum, Laenge, Gewicht, TR_ID) VALUES (19, 'Charlie', 6, 'M', null, null, null, 25);
INSERT INTO Tiere (TI_ID, Name, UA_ID, Geschlecht, Zugangsdatum, Laenge, Gewicht, TR_ID) VALUES (20, 'Yoshie', 8, 'M', null, 18, null, 32);
INSERT INTO Tiere (TI_ID, Name, UA_ID, Geschlecht, Zugangsdatum, Laenge, Gewicht, TR_ID) VALUES (21, 'Faxe', 1, 'W', null, 41, 268, 30);
INSERT INTO Tiere (TI_ID, Name, UA_ID, Geschlecht, Zugangsdatum, Laenge, Gewicht, TR_ID) VALUES (22, 'Snore', 1, 'W', null, 29, 287, 30);
INSERT INTO Tiere (TI_ID, Name, UA_ID, Geschlecht, Zugangsdatum, Laenge, Gewicht, TR_ID) VALUES (23, 'Sparta', 1, 'W', null, 42, 205, 30);
INSERT INTO Tiere (TI_ID, Name, UA_ID, Geschlecht, Zugangsdatum, Laenge, Gewicht, TR_ID) VALUES (24, 'Malte', 1, 'M', null, 49, 324, 30);
INSERT INTO Tiere (TI_ID, Name, UA_ID, Geschlecht, Zugangsdatum, Laenge, Gewicht, TR_ID) VALUES (25, 'Golden Dragon', 11, 'M', null, 42, 283, 30);
INSERT INTO Tiere (TI_ID, Name, UA_ID, Geschlecht, Zugangsdatum, Laenge, Gewicht, TR_ID) VALUES (26, 'Riegel', 5, 'M', null, null, null, 19);
INSERT INTO Tiere (TI_ID, Name, UA_ID, Geschlecht, Zugangsdatum, Laenge, Gewicht, TR_ID) VALUES (27, 'Ritter', 9, 'U', null, null, null, 17);
INSERT INTO Tiere (TI_ID, Name, UA_ID, Geschlecht, Zugangsdatum, Laenge, Gewicht, TR_ID) VALUES (28, 'Sport', 9, 'U', null, null, null, 17);
INSERT INTO Tiere (TI_ID, Name, UA_ID, Geschlecht, Zugangsdatum, Laenge, Gewicht, TR_ID) VALUES (29, 'Schoko', 9, 'U', null, null, null, 17);
INSERT INTO Tiere (TI_ID, Name, UA_ID, Geschlecht, Zugangsdatum, Laenge, Gewicht, TR_ID) VALUES (30, 'Lennon', 10, 'U', null, null, null, 18);
INSERT INTO Tiere (TI_ID, Name, UA_ID, Geschlecht, Zugangsdatum, Laenge, Gewicht, TR_ID) VALUES (31, 'McCartney', 10, 'U', null, null, null, 18);
INSERT INTO Tiere (TI_ID, Name, UA_ID, Geschlecht, Zugangsdatum, Laenge, Gewicht, TR_ID) VALUES (32, 'Harrison', 10, 'U', null, null, null, 18);
INSERT INTO Tiere (TI_ID, Name, UA_ID, Geschlecht, Zugangsdatum, Laenge, Gewicht, TR_ID) VALUES (33, 'Starr', 10, 'U', null, null, null, 18);
INSERT INTO Tiere (TI_ID, Name, UA_ID, Geschlecht, Zugangsdatum, Laenge, Gewicht, TR_ID) VALUES (34, 'Giesela', 14, 'W', null, null, null, 3);
INSERT INTO Tiere (TI_ID, Name, UA_ID, Geschlecht, Zugangsdatum, Laenge, Gewicht, TR_ID) VALUES (35, 'Günther', 14, 'M', null, null, null, 3);
INSERT INTO Tiere (TI_ID, Name, UA_ID, Geschlecht, Zugangsdatum, Laenge, Gewicht, TR_ID) VALUES (36, 'Shy Guy', 8, 'M', null, null, null, 2);
INSERT INTO Tiere (TI_ID, Name, UA_ID, Geschlecht, Zugangsdatum, Laenge, Gewicht, TR_ID) VALUES (37, 'Nagini', 15, 'U', null, null, null, 15);
INSERT INTO Tiere (TI_ID, Name, UA_ID, Geschlecht, Zugangsdatum, Laenge, Gewicht, TR_ID) VALUES (38, 'Sandy', 16, 'U', null, null, null, 11);
INSERT INTO Tiere (TI_ID, Name, UA_ID, Geschlecht, Zugangsdatum, Laenge, Gewicht, TR_ID) VALUES (39, 'Gaara', 16, 'U', null, null, null, 11);
INSERT INTO Tiere (TI_ID, Name, UA_ID, Geschlecht, Zugangsdatum, Laenge, Gewicht, TR_ID) VALUES (40, 'Tonks', 16, 'U', null, null, null, 11);
INSERT INTO Tiere (TI_ID, Name, UA_ID, Geschlecht, Zugangsdatum, Laenge, Gewicht, TR_ID) VALUES (41, 'NoOne', 17, 'U', null, null, null, 12);
INSERT INTO Tiere (TI_ID, Name, UA_ID, Geschlecht, Zugangsdatum, Laenge, Gewicht, TR_ID) VALUES (42, 'Koka', null, 'U', null, null, null, null);
INSERT INTO Tiere (TI_ID, Name, UA_ID, Geschlecht, Zugangsdatum, Laenge, Gewicht, TR_ID) VALUES (43, 'Xena', 18, 'W', null, null, null, null);
INSERT INTO Tiere (TI_ID, Name, UA_ID, Geschlecht, Zugangsdatum, Laenge, Gewicht, TR_ID) VALUES (44, 'Quitschie', null, '', null, null, null, null);
