--UNTERARTEN (erstellt UA_ID)
INSERT INTO Unterarten (UA_ID, Bezeichnung, Heimat, Lebensraum, Temperatur, Luftfeuchtigkeit, Groesse, Lebenserwartung, Ernaehrung, Besonderheiten) VALUES (1, 'Bartagame', '', '', '', '', '', '', '', '');
INSERT INTO Unterarten (UA_ID, Bezeichnung, Heimat, Lebensraum, Temperatur, Luftfeuchtigkeit, Groesse, Lebenserwartung, Ernaehrung, Besonderheiten) VALUES (2, 'Chamäleon', '', '', '', '', '', '', '', '');
INSERT INTO Unterarten (UA_ID, Bezeichnung, Heimat, Lebensraum, Temperatur, Luftfeuchtigkeit, Groesse, Lebenserwartung, Ernaehrung, Besonderheiten) VALUES (3, 'Europäische Sumpfschildkröte', '', '', '', '', '', '', '', '');
INSERT INTO Unterarten (UA_ID, Bezeichnung, Heimat, Lebensraum, Temperatur, Luftfeuchtigkeit, Groesse, Lebenserwartung, Ernaehrung, Besonderheiten) VALUES (4, 'Grüne Wasseragame', '', '', '', '', '', '', '', '');
INSERT INTO Unterarten (UA_ID, Bezeichnung, Heimat, Lebensraum, Temperatur, Luftfeuchtigkeit, Groesse, Lebenserwartung, Ernaehrung, Besonderheiten) VALUES (5, 'Kornnatter', '', '', '', '', '', '', '', '');
INSERT INTO Unterarten (UA_ID, Bezeichnung, Heimat, Lebensraum, Temperatur, Luftfeuchtigkeit, Groesse, Lebenserwartung, Ernaehrung, Besonderheiten) VALUES (6, 'Griechische Landschildkröte', '', '', '', '', '', '', '', '');
INSERT INTO Unterarten (UA_ID, Bezeichnung, Heimat, Lebensraum, Temperatur, Luftfeuchtigkeit, Groesse, Lebenserwartung, Ernaehrung, Besonderheiten) VALUES (7, 'Leopardengecko', '', '', '', '', '', '', '', '');
INSERT INTO Unterarten (UA_ID, Bezeichnung, Heimat, Lebensraum, Temperatur, Luftfeuchtigkeit, Groesse, Lebenserwartung, Ernaehrung, Besonderheiten) VALUES (8, 'Madagaskar-Taggecko', '', '', '', '', '', '', '', '');
INSERT INTO Unterarten (UA_ID, Bezeichnung, Heimat, Lebensraum, Temperatur, Luftfeuchtigkeit, Groesse, Lebenserwartung, Ernaehrung, Besonderheiten) VALUES (9, 'Ritteranolis', '', '', '', '', '', '', '', '');
INSERT INTO Unterarten (UA_ID, Bezeichnung, Heimat, Lebensraum, Temperatur, Luftfeuchtigkeit, Groesse, Lebenserwartung, Ernaehrung, Besonderheiten) VALUES (10, 'Stachelleguan', '', '', '', '', '', '', '', '');
INSERT INTO Unterarten (UA_ID, Bezeichnung, Heimat, Lebensraum, Temperatur, Luftfeuchtigkeit, Groesse, Lebenserwartung, Ernaehrung, Besonderheiten) VALUES (11, 'Sudan-Schildechse', '', '', '', '', '', '', '', '');
INSERT INTO Unterarten (UA_ID, Bezeichnung, Heimat, Lebensraum, Temperatur, Luftfeuchtigkeit, Groesse, Lebenserwartung, Ernaehrung, Besonderheiten) VALUES (12, 'Wüsten-Halsbandleguan', '', '', '', '', '', '', '', '');
INSERT INTO Unterarten (UA_ID, Bezeichnung, Heimat, Lebensraum, Temperatur, Luftfeuchtigkeit, Groesse, Lebenserwartung, Ernaehrung, Besonderheiten) VALUES (13, 'Zwergbartagame', '', '', '', '', '', '', '', '');
INSERT INTO Unterarten (UA_ID, Bezeichnung, Heimat, Lebensraum, Temperatur, Luftfeuchtigkeit, Groesse, Lebenserwartung, Ernaehrung, Besonderheiten) VALUES (14, 'Moschusschildkröte', '', '', '', '', '', '', '', '');
INSERT INTO Unterarten (UA_ID, Bezeichnung, Heimat, Lebensraum, Temperatur, Luftfeuchtigkeit, Groesse, Lebenserwartung, Ernaehrung, Besonderheiten) VALUES (15, 'Königspython', '', '', '', '', '', '', '', '');
INSERT INTO Unterarten (UA_ID, Bezeichnung, Heimat, Lebensraum, Temperatur, Luftfeuchtigkeit, Groesse, Lebenserwartung, Ernaehrung, Besonderheiten) VALUES (16, 'Sandfische', '', '', '', '', '', '', '', '');
INSERT INTO Unterarten (UA_ID, Bezeichnung, Heimat, Lebensraum, Temperatur, Luftfeuchtigkeit, Groesse, Lebenserwartung, Ernaehrung, Besonderheiten) VALUES (17, 'Fächerfingergecko', 'Nordafrika, Iran, Irak', '', '', '', '', '', '', '');
INSERT INTO Unterarten (UA_ID, Bezeichnung, Heimat, Lebensraum, Temperatur, Luftfeuchtigkeit, Groesse, Lebenserwartung, Ernaehrung, Besonderheiten) VALUES (18, 'Grüner Leguan', '', '', '', '', '', '', '', '');

--HABITATTYP (erstellt HT_ID)
INSERT INTO Habitattypen (HT_ID, Bezeichnung, Beschreibung, Temperatur, Luftfeuchtigkeit, Ausstattung) VALUES (1, 'Regenwald', '', null, null, '');
INSERT INTO Habitattypen (HT_ID, Bezeichnung, Beschreibung, Temperatur, Luftfeuchtigkeit, Ausstattung) VALUES (2, 'Wüste', '', null, null, '');
INSERT INTO Habitattypen (HT_ID, Bezeichnung, Beschreibung, Temperatur, Luftfeuchtigkeit, Ausstattung) VALUES (3, 'Aquarium süß', '', null, 100, '');
INSERT INTO Habitattypen (HT_ID, Bezeichnung, Beschreibung, Temperatur, Luftfeuchtigkeit, Ausstattung) VALUES (4, 'Katastrophengebiet', '', null, null, '');
INSERT INTO Habitattypen (HT_ID, Bezeichnung, Beschreibung, Temperatur, Luftfeuchtigkeit, Ausstattung) VALUES (5, 'Wald', '', null, null, '');
INSERT INTO Habitattypen (HT_ID, Bezeichnung, Beschreibung, Temperatur, Luftfeuchtigkeit, Ausstattung) VALUES (6, 'Aquarium salzig', '', null, 100, '');

--TERRARIEN (erstellt TR_ID -> benötigt HT_ID)
INSERT INTO Terrarien (TR_ID, Name, Beschreibung, Raumnummer, HT_ID, Hoehe, Tiefe, Breite, Breite_vorn) VALUES (1, 'Bartagamengruppe', '', '', 2, 210, null, 366, 366);
INSERT INTO Terrarien (TR_ID, Name, Beschreibung, Raumnummer, HT_ID, Hoehe, Tiefe, Breite, Breite_vorn) VALUES (2, 'Shy Guy', '', '', 1, 738, 73, 39, 39);
INSERT INTO Terrarien (TR_ID, Name, Beschreibung, Raumnummer, HT_ID, Hoehe, Tiefe, Breite, Breite_vorn) VALUES (3, 'Günther & Giesela', 'mittig geteilt', '', 3, 50, 60, 120, 120);
INSERT INTO Terrarien (TR_ID, Name, Beschreibung, Raumnummer, HT_ID, Hoehe, Tiefe, Breite, Breite_vorn) VALUES (4, 'Cäsar, Cleopatra', '', '', 2, 50, 50, 100, 100);
INSERT INTO Terrarien (TR_ID, Name, Beschreibung, Raumnummer, HT_ID, Hoehe, Tiefe, Breite, Breite_vorn) VALUES (5, 'Koka', '', '', 2, 40, 50, 125, 125);
INSERT INTO Terrarien (TR_ID, Name, Beschreibung, Raumnummer, HT_ID, Hoehe, Tiefe, Breite, Breite_vorn) VALUES (6, 'Walburga', '', '', 3, 40, 50, 140, 140);
INSERT INTO Terrarien (TR_ID, Name, Beschreibung, Raumnummer, HT_ID, Hoehe, Tiefe, Breite, Breite_vorn) VALUES (7, 'Exo', '', '', 1, 140, 64, 95, 95);
INSERT INTO Terrarien (TR_ID, Name, Beschreibung, Raumnummer, HT_ID, Hoehe, Tiefe, Breite, Breite_vorn) VALUES (8, 'Terra', '', '', 1, 140, 64, 95, 95);
INSERT INTO Terrarien (TR_ID, Name, Beschreibung, Raumnummer, HT_ID, Hoehe, Tiefe, Breite, Breite_vorn) VALUES (9, 'Diva', '', '', 1, 150, 58, 111, 62);
INSERT INTO Terrarien (TR_ID, Name, Beschreibung, Raumnummer, HT_ID, Hoehe, Tiefe, Breite, Breite_vorn) VALUES (10, 'Schnute', '', '', 1, 300, 155, 350, 250);
INSERT INTO Terrarien (TR_ID, Name, Beschreibung, Raumnummer, HT_ID, Hoehe, Tiefe, Breite, Breite_vorn) VALUES (11, 'Sandfische', '', '', 2, 50, 42, 100, 100);
INSERT INTO Terrarien (TR_ID, Name, Beschreibung, Raumnummer, HT_ID, Hoehe, Tiefe, Breite, Breite_vorn) VALUES (12, 'NoOne', '', '', 2, 40, 40, 80, 80);
INSERT INTO Terrarien (TR_ID, Name, Beschreibung, Raumnummer, HT_ID, Hoehe, Tiefe, Breite, Breite_vorn) VALUES (13, 'Avery', '', '', 2, 38, 40, 100, 100);
INSERT INTO Terrarien (TR_ID, Name, Beschreibung, Raumnummer, HT_ID, Hoehe, Tiefe, Breite, Breite_vorn) VALUES (14, 'Tiana', '', '', 2, 50, 40, 100, 100);
INSERT INTO Terrarien (TR_ID, Name, Beschreibung, Raumnummer, HT_ID, Hoehe, Tiefe, Breite, Breite_vorn) VALUES (15, 'Nagini', '', '', 1, 120, 72, 100, 76);
INSERT INTO Terrarien (TR_ID, Name, Beschreibung, Raumnummer, HT_ID, Hoehe, Tiefe, Breite, Breite_vorn) VALUES (16, 'Schnecken', '', '', 5, 41, 50, 124, 124);
INSERT INTO Terrarien (TR_ID, Name, Beschreibung, Raumnummer, HT_ID, Hoehe, Tiefe, Breite, Breite_vorn) VALUES (17, 'Ritteranolis', '', '', 1, 120, 59, 120, 120);
INSERT INTO Terrarien (TR_ID, Name, Beschreibung, Raumnummer, HT_ID, Hoehe, Tiefe, Breite, Breite_vorn) VALUES (18, 'Beatles', '', '', 2, 65, 59, 120, 120);
INSERT INTO Terrarien (TR_ID, Name, Beschreibung, Raumnummer, HT_ID, Hoehe, Tiefe, Breite, Breite_vorn) VALUES (19, 'Riegel', '', '', 1, 65, 59, 120, 120);
INSERT INTO Terrarien (TR_ID, Name, Beschreibung, Raumnummer, HT_ID, Hoehe, Tiefe, Breite, Breite_vorn) VALUES (20, 'Cola', '', '', 2, 72, 59, 120, 120);
INSERT INTO Terrarien (TR_ID, Name, Beschreibung, Raumnummer, HT_ID, Hoehe, Tiefe, Breite, Breite_vorn) VALUES (21, 'Lola & Diego', '', '', 2, 72, 59, 120, 120);
INSERT INTO Terrarien (TR_ID, Name, Beschreibung, Raumnummer, HT_ID, Hoehe, Tiefe, Breite, Breite_vorn) VALUES (22, 'Paul', '', '', 2, 72, 59, 120, 120);
INSERT INTO Terrarien (TR_ID, Name, Beschreibung, Raumnummer, HT_ID, Hoehe, Tiefe, Breite, Breite_vorn) VALUES (23, 'Zwergagame', '', '', 2, 8, 45, 120, 120);
INSERT INTO Terrarien (TR_ID, Name, Beschreibung, Raumnummer, HT_ID, Hoehe, Tiefe, Breite, Breite_vorn) VALUES (24, 'Kiwi', '', '', 2, 35, 100, 155, 155);
INSERT INTO Terrarien (TR_ID, Name, Beschreibung, Raumnummer, HT_ID, Hoehe, Tiefe, Breite, Breite_vorn) VALUES (25, 'Charlie', '', '', 2, 35, 80, 210, 210);
INSERT INTO Terrarien (TR_ID, Name, Beschreibung, Raumnummer, HT_ID, Hoehe, Tiefe, Breite, Breite_vorn) VALUES (26, 'Papa Wutz', '', '', 2, 72, 59, 150, 150);
INSERT INTO Terrarien (TR_ID, Name, Beschreibung, Raumnummer, HT_ID, Hoehe, Tiefe, Breite, Breite_vorn) VALUES (27, 'Lord', '', '', 1, 300, 150, 320, 320);
INSERT INTO Terrarien (TR_ID, Name, Beschreibung, Raumnummer, HT_ID, Hoehe, Tiefe, Breite, Breite_vorn) VALUES (28, 'Baby blue', '', '', 1, 300, 180, 290, 290);
INSERT INTO Terrarien (TR_ID, Name, Beschreibung, Raumnummer, HT_ID, Hoehe, Tiefe, Breite, Breite_vorn) VALUES (29, 'Klassenraum', '', '', 4, 300, 810, 700, 700);
INSERT INTO Terrarien (TR_ID, Name, Beschreibung, Raumnummer, HT_ID, Hoehe, Tiefe, Breite, Breite_vorn) VALUES (30, 'Golden Dragon', '', '', null, null, null, null, null);
INSERT INTO Terrarien (TR_ID, Name, Beschreibung, Raumnummer, HT_ID, Hoehe, Tiefe, Breite, Breite_vorn) VALUES (31, 'Stonki', '', '', null, null, null, null, null);
INSERT INTO Terrarien (TR_ID, Name, Beschreibung, Raumnummer, HT_ID, Hoehe, Tiefe, Breite, Breite_vorn) VALUES (32, 'Yoshie', '', '', null, null, null, null, null);

--TIERE (erstellt TI_ID -> benötigt UA_ID, TR_ID)
INSERT INTO Tiere (TI_ID, Name, UA_ID, Geschlecht, Zugangsdatum, Laenge, Gewicht, TR_ID) VALUES (1, 'Exo', 4, 'M', null, 54, 229, 7);
INSERT INTO Tiere (TI_ID, Name, UA_ID, Geschlecht, Zugangsdatum, Laenge, Gewicht, TR_ID) VALUES (2, 'Terra', 4, 'M', null, 52, 221, 8);
INSERT INTO Tiere (TI_ID, Name, UA_ID, Geschlecht, Zugangsdatum, Laenge, Gewicht, TR_ID) VALUES (3, 'Diva', 2, 'W', null, 21, 80, 9);
INSERT INTO Tiere (TI_ID, Name, UA_ID, Geschlecht, Zugangsdatum, Laenge, Gewicht, TR_ID) VALUES (4, 'Kleopatra', 7, 'W', null, 22, 40, 4);
INSERT INTO Tiere (TI_ID, Name, UA_ID, Geschlecht, Zugangsdatum, Laenge, Gewicht, TR_ID) VALUES (5, 'Caesar', 7, 'M', null, 20, 41, 4);
INSERT INTO Tiere (TI_ID, Name, UA_ID, Geschlecht, Zugangsdatum, Laenge, Gewicht, TR_ID) VALUES (6, 'Tiana', 7, 'W', null, 18, 41, null);
INSERT INTO Tiere (TI_ID, Name, UA_ID, Geschlecht, Zugangsdatum, Laenge, Gewicht, TR_ID) VALUES (7, 'Avery', 7, 'M', null, 24, 58, null);
INSERT INTO Tiere (TI_ID, Name, UA_ID, Geschlecht, Zugangsdatum, Laenge, Gewicht, TR_ID) VALUES (8, 'Walburga', 3, 'W', null, 21, null, 6);
INSERT INTO Tiere (TI_ID, Name, UA_ID, Geschlecht, Zugangsdatum, Laenge, Gewicht, TR_ID) VALUES (9, 'Cola', 12, 'M', null, 30, 45, 20);
INSERT INTO Tiere (TI_ID, Name, UA_ID, Geschlecht, Zugangsdatum, Laenge, Gewicht, TR_ID) VALUES (10, 'Lola', 7, 'W', null, 21, 50, 21);
INSERT INTO Tiere (TI_ID, Name, UA_ID, Geschlecht, Zugangsdatum, Laenge, Gewicht, TR_ID) VALUES (11, 'Belle', 7, 'W', null, 14, 30, 21);
INSERT INTO Tiere (TI_ID, Name, UA_ID, Geschlecht, Zugangsdatum, Laenge, Gewicht, TR_ID) VALUES (12, 'Diego', 7, 'M', null, 21, 47, 21);
INSERT INTO Tiere (TI_ID, Name, UA_ID, Geschlecht, Zugangsdatum, Laenge, Gewicht, TR_ID) VALUES (13, 'Variana', 7, 'W', null, 22, null, 21);
INSERT INTO Tiere (TI_ID, Name, UA_ID, Geschlecht, Zugangsdatum, Laenge, Gewicht, TR_ID) VALUES (14, 'Stonki', 13, 'W', null, 20, 50, 31);
INSERT INTO Tiere (TI_ID, Name, UA_ID, Geschlecht, Zugangsdatum, Laenge, Gewicht, TR_ID) VALUES (15, 'Wutz', 1, 'M', null, 25, 230, 26);
INSERT INTO Tiere (TI_ID, Name, UA_ID, Geschlecht, Zugangsdatum, Laenge, Gewicht, TR_ID) VALUES (16, 'Lord', 4, 'M', null, null, null, 27);
INSERT INTO Tiere (TI_ID, Name, UA_ID, Geschlecht, Zugangsdatum, Laenge, Gewicht, TR_ID) VALUES (17, 'Blue', 4, 'W', null, 60, 173, 28);
INSERT INTO Tiere (TI_ID, Name, UA_ID, Geschlecht, Zugangsdatum, Laenge, Gewicht, TR_ID) VALUES (18, 'Kiwi', 6, 'W', null, 17, null, 24);
INSERT INTO Tiere (TI_ID, Name, UA_ID, Geschlecht, Zugangsdatum, Laenge, Gewicht, TR_ID) VALUES (19, 'Charlie', 6, 'M', null, null, null, 25);
INSERT INTO Tiere (TI_ID, Name, UA_ID, Geschlecht, Zugangsdatum, Laenge, Gewicht, TR_ID) VALUES (20, 'Yoshie', 8, 'M', null, 18, null, 32);
INSERT INTO Tiere (TI_ID, Name, UA_ID, Geschlecht, Zugangsdatum, Laenge, Gewicht, TR_ID) VALUES (21, 'Faxe', 1, 'W', null, 41, 268, 30);
INSERT INTO Tiere (TI_ID, Name, UA_ID, Geschlecht, Zugangsdatum, Laenge, Gewicht, TR_ID) VALUES (22, 'Snore', 1, 'W', null, 29, 287, 30);
INSERT INTO Tiere (TI_ID, Name, UA_ID, Geschlecht, Zugangsdatum, Laenge, Gewicht, TR_ID) VALUES (23, 'Sparta', 1, 'W', null, 42, 205, 30);
INSERT INTO Tiere (TI_ID, Name, UA_ID, Geschlecht, Zugangsdatum, Laenge, Gewicht, TR_ID) VALUES (24, 'Malte', 1, 'M', null, 49, 324, 30);
INSERT INTO Tiere (TI_ID, Name, UA_ID, Geschlecht, Zugangsdatum, Laenge, Gewicht, TR_ID) VALUES (25, 'Golden Dragon', 11, 'M', null, 42, 283, 30);
INSERT INTO Tiere (TI_ID, Name, UA_ID, Geschlecht, Zugangsdatum, Laenge, Gewicht, TR_ID) VALUES (26, 'Riegel', 5, 'M', null, null, null, 19);
INSERT INTO Tiere (TI_ID, Name, UA_ID, Geschlecht, Zugangsdatum, Laenge, Gewicht, TR_ID) VALUES (27, 'Ritter', 9, 'U', null, null, null, 17);
INSERT INTO Tiere (TI_ID, Name, UA_ID, Geschlecht, Zugangsdatum, Laenge, Gewicht, TR_ID) VALUES (28, 'Sport', 9, 'U', null, null, null, 17);
INSERT INTO Tiere (TI_ID, Name, UA_ID, Geschlecht, Zugangsdatum, Laenge, Gewicht, TR_ID) VALUES (29, 'Schoko', 9, 'U', null, null, null, 17);
INSERT INTO Tiere (TI_ID, Name, UA_ID, Geschlecht, Zugangsdatum, Laenge, Gewicht, TR_ID) VALUES (30, 'Lennon', 10, 'U', null, null, null, 18);
INSERT INTO Tiere (TI_ID, Name, UA_ID, Geschlecht, Zugangsdatum, Laenge, Gewicht, TR_ID) VALUES (31, 'McCartney', 10, 'U', null, null, null, 18);
INSERT INTO Tiere (TI_ID, Name, UA_ID, Geschlecht, Zugangsdatum, Laenge, Gewicht, TR_ID) VALUES (32, 'Harrison', 10, 'U', null, null, null, 18);
INSERT INTO Tiere (TI_ID, Name, UA_ID, Geschlecht, Zugangsdatum, Laenge, Gewicht, TR_ID) VALUES (33, 'Starr', 10, 'U', null, null, null, 18);
INSERT INTO Tiere (TI_ID, Name, UA_ID, Geschlecht, Zugangsdatum, Laenge, Gewicht, TR_ID) VALUES (34, 'Giesela', 14, 'W', null, null, null, 3);
INSERT INTO Tiere (TI_ID, Name, UA_ID, Geschlecht, Zugangsdatum, Laenge, Gewicht, TR_ID) VALUES (35, 'Günther', 14, 'M', null, null, null, 3);
INSERT INTO Tiere (TI_ID, Name, UA_ID, Geschlecht, Zugangsdatum, Laenge, Gewicht, TR_ID) VALUES (36, 'Shy Guy', 8, 'M', null, null, null, 2);
INSERT INTO Tiere (TI_ID, Name, UA_ID, Geschlecht, Zugangsdatum, Laenge, Gewicht, TR_ID) VALUES (37, 'Nagini', 15, 'U', null, null, null, 15);
INSERT INTO Tiere (TI_ID, Name, UA_ID, Geschlecht, Zugangsdatum, Laenge, Gewicht, TR_ID) VALUES (38, 'Sandy', 16, 'U', null, null, null, 11);
INSERT INTO Tiere (TI_ID, Name, UA_ID, Geschlecht, Zugangsdatum, Laenge, Gewicht, TR_ID) VALUES (39, 'Gaara', 16, 'U', null, null, null, 11);
INSERT INTO Tiere (TI_ID, Name, UA_ID, Geschlecht, Zugangsdatum, Laenge, Gewicht, TR_ID) VALUES (40, 'Tonks', 16, 'U', null, null, null, 11);
INSERT INTO Tiere (TI_ID, Name, UA_ID, Geschlecht, Zugangsdatum, Laenge, Gewicht, TR_ID) VALUES (41, 'NoOne', 17, 'U', null, null, null, 12);
INSERT INTO Tiere (TI_ID, Name, UA_ID, Geschlecht, Zugangsdatum, Laenge, Gewicht, TR_ID) VALUES (42, 'Koka', null, 'U', null, null, null, null);
INSERT INTO Tiere (TI_ID, Name, UA_ID, Geschlecht, Zugangsdatum, Laenge, Gewicht, TR_ID) VALUES (43, 'Xena', 18, 'W', null, null, null, null);
INSERT INTO Tiere (TI_ID, Name, UA_ID, Geschlecht, Zugangsdatum, Laenge, Gewicht, TR_ID) VALUES (44, 'Quitschie', null, '', null, null, null, null);










--VERBRAUCHSMITTEL (erzeugt VM_ID)
INSERT INTO Verbrauchsmittel (VM_ID, Bezeichnung, Beschreibung, Lager_min, Lager_akt, Kosten) VALUES (1, 'Tageslichtlampe groß', '? Röhre von …cm Länge', null, null, null);
INSERT INTO Verbrauchsmittel (VM_ID, Bezeichnung, Beschreibung, Lager_min, Lager_akt, Kosten) VALUES (2, 'Tageslichtlampe mittel', '? Röhre von …cm Länge', null, null, null);
INSERT INTO Verbrauchsmittel (VM_ID, Bezeichnung, Beschreibung, Lager_min, Lager_akt, Kosten) VALUES (3, 'Tageslichtlampe klein', '? Röhre von …cm Länge', null, null, null);
INSERT INTO Verbrauchsmittel (VM_ID, Bezeichnung, Beschreibung, Lager_min, Lager_akt, Kosten) VALUES (4, 'Wärmelampe groß', '? Strahler mit …cm Durchmesser', null, null, null);
INSERT INTO Verbrauchsmittel (VM_ID, Bezeichnung, Beschreibung, Lager_min, Lager_akt, Kosten) VALUES (5, 'Wärmelampe mittel', '? Strahler mit …cm Durchmesser', null, null, null);
INSERT INTO Verbrauchsmittel (VM_ID, Bezeichnung, Beschreibung, Lager_min, Lager_akt, Kosten) VALUES (6, 'Wärmelampe klein', '? Strahler mit …cm Durchmesser', null, null, null);
INSERT INTO Verbrauchsmittel (VM_ID, Bezeichnung, Beschreibung, Lager_min, Lager_akt, Kosten) VALUES (7, 'UV-Lampe groß', '? Strahler mit …cm Durchmesser', null, null, null);
INSERT INTO Verbrauchsmittel (VM_ID, Bezeichnung, Beschreibung, Lager_min, Lager_akt, Kosten) VALUES (8, 'UV-Lampe mittel', '? Strahler mit …cm Durchmesser', null, null, null);
INSERT INTO Verbrauchsmittel (VM_ID, Bezeichnung, Beschreibung, Lager_min, Lager_akt, Kosten) VALUES (9, 'UV-Lampe klein', '? Strahler mit …cm Durchmesser', null, null, null);
INSERT INTO Verbrauchsmittel (VM_ID, Bezeichnung, Beschreibung, Lager_min, Lager_akt, Kosten) VALUES (10, 'Topfpflanze klein', 'Sukkulenten, wie …', null, null, null);
INSERT INTO Verbrauchsmittel (VM_ID, Bezeichnung, Beschreibung, Lager_min, Lager_akt, Kosten) VALUES (11, 'Topfpflanze mittel', 'z.B. Gummibaum', null, null, null);
INSERT INTO Verbrauchsmittel (VM_ID, Bezeichnung, Beschreibung, Lager_min, Lager_akt, Kosten) VALUES (12, 'Topfpflanze groß', 'z.B. Gummibaum', null, null, null);
INSERT INTO Verbrauchsmittel (VM_ID, Bezeichnung, Beschreibung, Lager_min, Lager_akt, Kosten) VALUES (13, 'künstliche Topflanze', 'vollständiges Imitat im Topf', null, null, null);
INSERT INTO Verbrauchsmittel (VM_ID, Bezeichnung, Beschreibung, Lager_min, Lager_akt, Kosten) VALUES (14, 'künstliche Pflanze', 'aufgesetzt auf einen Stein, häufig Kakteen', null, null, null);
INSERT INTO Verbrauchsmittel (VM_ID, Bezeichnung, Beschreibung, Lager_min, Lager_akt, Kosten) VALUES (15, 'künstliches Pflanzenteil', 'Ast oder Ranke mit meist kleinen Blättern', null, null, null);
INSERT INTO Verbrauchsmittel (VM_ID, Bezeichnung, Beschreibung, Lager_min, Lager_akt, Kosten) VALUES (16, 'Rindenmulch fein', 'häufig in Kombination mit Moos verwendet', null, null, null);
INSERT INTO Verbrauchsmittel (VM_ID, Bezeichnung, Beschreibung, Lager_min, Lager_akt, Kosten) VALUES (17, 'Rindenmulch grob', 'häufig in Kombination mit Moos verwendet', null, null, null);
INSERT INTO Verbrauchsmittel (VM_ID, Bezeichnung, Beschreibung, Lager_min, Lager_akt, Kosten) VALUES (18, 'Sand', 'bodenfüllend aufgebracht in unterschiedlichen Höhen', null, null, null);
INSERT INTO Verbrauchsmittel (VM_ID, Bezeichnung, Beschreibung, Lager_min, Lager_akt, Kosten) VALUES (19, 'Sandimitat', 'direkt und fest auf dem Untergrund aufgebracht', null, null, null);
INSERT INTO Verbrauchsmittel (VM_ID, Bezeichnung, Beschreibung, Lager_min, Lager_akt, Kosten) VALUES (20, 'Moos', 'als Ballen in getrockneter Form zusätzlich zu anderem Untergrund ', null, null, null);
INSERT INTO Verbrauchsmittel (VM_ID, Bezeichnung, Beschreibung, Lager_min, Lager_akt, Kosten) VALUES (21, 'Holzteil klein', 'Äste und Wurzeln im Durchmesser von ca. 3 bis 5cm', null, null, null);
INSERT INTO Verbrauchsmittel (VM_ID, Bezeichnung, Beschreibung, Lager_min, Lager_akt, Kosten) VALUES (22, 'Holzteil groß', 'Äste und Wurzeln im Durchmesser über 5cm sowie ganze Stamm-/Wurzelteile', null, null, null);
INSERT INTO Verbrauchsmittel (VM_ID, Bezeichnung, Beschreibung, Lager_min, Lager_akt, Kosten) VALUES (23, 'Häuschen/Unterschlupf', 'meist verschiebbare Höhlen mit einem Eingang', null, null, null);
INSERT INTO Verbrauchsmittel (VM_ID, Bezeichnung, Beschreibung, Lager_min, Lager_akt, Kosten) VALUES (24, 'Steinplatte', 'häufig quadratisch mit Kantenlänge etwa 20 biw 30 cm', null, null, null);
INSERT INTO Verbrauchsmittel (VM_ID, Bezeichnung, Beschreibung, Lager_min, Lager_akt, Kosten) VALUES (25, 'Stein', 'mehr oder weniger rund', null, null, null);
INSERT INTO Verbrauchsmittel (VM_ID, Bezeichnung, Beschreibung, Lager_min, Lager_akt, Kosten) VALUES (26, 'Aquariumfilter', 'sorgt für sauberes Wasser', null, null, null);
INSERT INTO Verbrauchsmittel (VM_ID, Bezeichnung, Beschreibung, Lager_min, Lager_akt, Kosten) VALUES (27, 'Schwimmbecken klein', 'Becken in das Tiere gänzlich eintauchen können', null, null, null);
INSERT INTO Verbrauchsmittel (VM_ID, Bezeichnung, Beschreibung, Lager_min, Lager_akt, Kosten) VALUES (28, 'Schwimmbecken mittel', 'Becken in das Tiere gänzlich eintauchen können', null, null, null);
INSERT INTO Verbrauchsmittel (VM_ID, Bezeichnung, Beschreibung, Lager_min, Lager_akt, Kosten) VALUES (29, 'Schwimmbecken groß', 'Becken in das Tiere gänzlich eintauchen können', null, null, null);
INSERT INTO Verbrauchsmittel (VM_ID, Bezeichnung, Beschreibung, Lager_min, Lager_akt, Kosten) VALUES (30, 'Wasserschale', 'Behältnis zur Wasseraufnahme / Trinken', null, null, null);
INSERT INTO Verbrauchsmittel (VM_ID, Bezeichnung, Beschreibung, Lager_min, Lager_akt, Kosten) VALUES (31, 'Kies', 'kleine Steine bodenfüllend aufgebracht in unterschiedlichen Höhen', null, null, null);
INSERT INTO Verbrauchsmittel (VM_ID, Bezeichnung, Beschreibung, Lager_min, Lager_akt, Kosten) VALUES (32, 'Aquarium klein', 'zum Schwimmen innerhalb eines Terrariums', null, null, null);
INSERT INTO Verbrauchsmittel (VM_ID, Bezeichnung, Beschreibung, Lager_min, Lager_akt, Kosten) VALUES (33, 'Algen', 'in Aquarien und Schwimmbecken eingesetzt', null, null, null);
INSERT INTO Verbrauchsmittel (VM_ID, Bezeichnung, Beschreibung, Lager_min, Lager_akt, Kosten) VALUES (34, 'Kokosnusschale', 'trockene, halbe Schale', null, null, null);
INSERT INTO Verbrauchsmittel (VM_ID, Bezeichnung, Beschreibung, Lager_min, Lager_akt, Kosten) VALUES (35, 'Aquarium groß', 'zum Schwimmen innerhalb eines Terrariums', null, null, null);
INSERT INTO Verbrauchsmittel (VM_ID, Bezeichnung, Beschreibung, Lager_min, Lager_akt, Kosten) VALUES (36, 'Muschel', 'halbe Schale in unterschiedlichen Größen, Farben und Formen', null, null, null);
INSERT INTO Verbrauchsmittel (VM_ID, Bezeichnung, Beschreibung, Lager_min, Lager_akt, Kosten) VALUES (37, 'Sisalring', 'geschlossener Ring, etwa 30cm Durchmesser', null, null, null);
INSERT INTO Verbrauchsmittel (VM_ID, Bezeichnung, Beschreibung, Lager_min, Lager_akt, Kosten) VALUES (38, 'Dripper', 'Gerät, um Trinkwasser tropfenweise abzugeben', null, null, null);
INSERT INTO Verbrauchsmittel (VM_ID, Bezeichnung, Beschreibung, Lager_min, Lager_akt, Kosten) VALUES (39, 'Salatschale', 'Behältnis zur Bereitstellung von Salat und Gemüse', null, null, null);

--LEUCHTMITTEL (-> benötigt VM_ID)
INSERT INTO Leuchtmittel (VM_ID, Waermeleistung, Helligkeit) VALUES (1, 150, null);
INSERT INTO Leuchtmittel (VM_ID, Waermeleistung, Helligkeit) VALUES (2, null, null);
INSERT INTO Leuchtmittel (VM_ID, Waermeleistung, Helligkeit) VALUES (3, null, null);
INSERT INTO Leuchtmittel (VM_ID, Waermeleistung, Helligkeit) VALUES (4, 150, null);
INSERT INTO Leuchtmittel (VM_ID, Waermeleistung, Helligkeit) VALUES (5, null, null);
INSERT INTO Leuchtmittel (VM_ID, Waermeleistung, Helligkeit) VALUES (6, null, null);
INSERT INTO Leuchtmittel (VM_ID, Waermeleistung, Helligkeit) VALUES (7, 300, null);
INSERT INTO Leuchtmittel (VM_ID, Waermeleistung, Helligkeit) VALUES (8, 100, null);
INSERT INTO Leuchtmittel (VM_ID, Waermeleistung, Helligkeit) VALUES (9, 75, null);

--PFLANZEN (-> benötigt VM_ID)
INSERT INTO Pflanzen (VM_ID, Wasserverbrauch, kuenstlich, spruehen) VALUES (10, null, false, true);
INSERT INTO Pflanzen (VM_ID, Wasserverbrauch, kuenstlich, spruehen) VALUES (11, null, false, true);
INSERT INTO Pflanzen (VM_ID, Wasserverbrauch, kuenstlich, spruehen) VALUES (12, null, false, true);
INSERT INTO Pflanzen (VM_ID, Wasserverbrauch, kuenstlich, spruehen) VALUES (13, 0, true, false);
INSERT INTO Pflanzen (VM_ID, Wasserverbrauch, kuenstlich, spruehen) VALUES (14, 0, true, false);
INSERT INTO Pflanzen (VM_ID, Wasserverbrauch, kuenstlich, spruehen) VALUES (15, 0, true, false);
INSERT INTO Pflanzen (VM_ID, Wasserverbrauch, kuenstlich, spruehen) VALUES (33, 0, false, false);

--Bodenbeläge (-> benötigt VM_ID)
INSERT INTO Bodenbelag (VM_ID, Farbe, Koernung) VALUES (16, 'Dunkelbraun', 'bis 25mm');
INSERT INTO Bodenbelag (VM_ID, Farbe, Koernung) VALUES (17, 'Dunkelbraun', '25mm - 60mm');
INSERT INTO Bodenbelag (VM_ID, Farbe, Koernung) VALUES (18, 'Gelblich-Weiß', 'bis 2mm');
INSERT INTO Bodenbelag (VM_ID, Farbe, Koernung) VALUES (19, 'Rötlich-Gelb', 'bis 1mm');
INSERT INTO Bodenbelag (VM_ID, Farbe, Koernung) VALUES (20, 'Gelblich-Braun', 'bis 200mm');
INSERT INTO Bodenbelag (VM_ID, Farbe, Koernung) VALUES (31, 'Weiß-Grau', '8mm - 20mm');

--Deko (& Ausstattung) (-> benötigt VM_ID)
INSERT INTO Deko (VM_ID, Material, Farbe, Zweck) VALUES (21, 'Holz', 'braun', 'Klettern, Unterschlupf');
INSERT INTO Deko (VM_ID, Material, Farbe, Zweck) VALUES (22, 'Holz', 'braun', 'Klettern, Unterschlupf');
INSERT INTO Deko (VM_ID, Material, Farbe, Zweck) VALUES (23, 'Stein, Plastik, Holz', 'variabel', 'Unterschlupf');
INSERT INTO Deko (VM_ID, Material, Farbe, Zweck) VALUES (24, 'Marmorstein', 'weiß bis grau', 'Klettern');
INSERT INTO Deko (VM_ID, Material, Farbe, Zweck) VALUES (25, 'Stein', 'weiß bis grau', 'Klettern');
INSERT INTO Deko (VM_ID, Material, Farbe, Zweck) VALUES (26, 'Elektronik', '-', 'Reinigung');
INSERT INTO Deko (VM_ID, Material, Farbe, Zweck) VALUES (34, 'Kokos', 'braun', 'Klettern, Unterschlupf');
INSERT INTO Deko (VM_ID, Material, Farbe, Zweck) VALUES (36, 'Perlmut', 'weiß', 'Klettern, Unterschlupf');
INSERT INTO Deko (VM_ID, Material, Farbe, Zweck) VALUES (37, 'Flachs/Sisal', 'braun', 'Klettern');
INSERT INTO Deko (VM_ID, Material, Farbe, Zweck) VALUES (38, 'Elektronik', '-', 'Trinkwasserabgabe');
INSERT INTO Deko (VM_ID, Material, Farbe, Zweck) VALUES (39, 'Stein', 'grau', 'Nahrungsbereitstellung');

--Wasserbecken (-> benötigt VM_ID)
INSERT INTO Wasserbecken (VM_ID, bepflanzt, Breite, Hoehe, Tiefe) VALUES (27, false, null, null, null);
INSERT INTO Wasserbecken (VM_ID, bepflanzt, Breite, Hoehe, Tiefe) VALUES (28, false, 80, 15, 55);
INSERT INTO Wasserbecken (VM_ID, bepflanzt, Breite, Hoehe, Tiefe) VALUES (29, false, 110, 15, 45);
INSERT INTO Wasserbecken (VM_ID, bepflanzt, Breite, Hoehe, Tiefe) VALUES (30, false, null, null, null);
INSERT INTO Wasserbecken (VM_ID, bepflanzt, Breite, Hoehe, Tiefe) VALUES (32, false, 40, 30, 25);
INSERT INTO Wasserbecken (VM_ID, bepflanzt, Breite, Hoehe, Tiefe) VALUES (35, true, 70, 15, 50);









--Arbeitsdiensttypen (erzeugt AT_ID)
INSERT INTO Arbeitsdiensttypen (AT_ID, Bezeichnung, Beschreibung, Frequenz) VALUES (1, 'Fütterung carnivor 1x/Woche', 'Futterreste entsorgen, Futtertiere zum Jagen ins Gehege setzen', 7);
INSERT INTO Arbeitsdiensttypen (AT_ID, Bezeichnung, Beschreibung, Frequenz) VALUES (2, 'Fütterung carnivor 2x/Woche', '', 4);
INSERT INTO Arbeitsdiensttypen (AT_ID, Bezeichnung, Beschreibung, Frequenz) VALUES (3, 'Fütterung carnivor 3x/Woche', '', 2);
INSERT INTO Arbeitsdiensttypen (AT_ID, Bezeichnung, Beschreibung, Frequenz) VALUES (4, 'Frischwasser', 'Wasserschale reinigen und neu befüllen', 1);
INSERT INTO Arbeitsdiensttypen (AT_ID, Bezeichnung, Beschreibung, Frequenz) VALUES (5, 'Bodenbelagreinigung', 'Sand komplett aus dem Terrarium entfernen, reinigen bzw. erneuern', 182);
INSERT INTO Arbeitsdiensttypen (AT_ID, Bezeichnung, Beschreibung, Frequenz) VALUES (6, 'Gießen', 'Lebendpflanzen in und vor den Terrarien', 7);
INSERT INTO Arbeitsdiensttypen (AT_ID, Bezeichnung, Beschreibung, Frequenz) VALUES (7, 'Terrarienglasreinigung', 'Teil der Genralreinigung, wenn das Terrarium ausgeräumt wurde', 61);
INSERT INTO Arbeitsdiensttypen (AT_ID, Bezeichnung, Beschreibung, Frequenz) VALUES (8, 'Terrariumgeneralreinigung', 'gesamtes Terrarieninventar ausräumen und abspülen', 61);
INSERT INTO Arbeitsdiensttypen (AT_ID, Bezeichnung, Beschreibung, Frequenz) VALUES (9, 'Sprühen morgens', 'zur Erhöhung der Luftfeuchtigkeit', 1);
INSERT INTO Arbeitsdiensttypen (AT_ID, Bezeichnung, Beschreibung, Frequenz) VALUES (10, 'Sprühen mittags', 'zur Erhöhung der Luftfeuchtigkeit', 1);
INSERT INTO Arbeitsdiensttypen (AT_ID, Bezeichnung, Beschreibung, Frequenz) VALUES (11, 'Sprühen abends', 'zur Erhöhung der Luftfeuchtigkeit', 1);
INSERT INTO Arbeitsdiensttypen (AT_ID, Bezeichnung, Beschreibung, Frequenz) VALUES (12, 'Terrariumreinigung', 'Exkremente und andere grobe Verschmutzungen beseitigen', 1);
INSERT INTO Arbeitsdiensttypen (AT_ID, Bezeichnung, Beschreibung, Frequenz) VALUES (13, 'Fütterung vegetarisch 1x', 'Futtertrog reinigen, vorbereiten, verteilen', 7);
INSERT INTO Arbeitsdiensttypen (AT_ID, Bezeichnung, Beschreibung, Frequenz) VALUES (14, 'Fütterung vegetarisch 2x', '', 4);
INSERT INTO Arbeitsdiensttypen (AT_ID, Bezeichnung, Beschreibung, Frequenz) VALUES (15, 'Fütterung vegetarisch 3x', '', 2);
INSERT INTO Arbeitsdiensttypen (AT_ID, Bezeichnung, Beschreibung, Frequenz) VALUES (16, 'Leuchtmittel prüfen', 'UV-Lampen mithilfe eines Messgerätes, Wärmelampen über den Tastsinn (auf sichere Entfernung) auf Leistung prüfen', 182);
INSERT INTO Arbeitsdiensttypen (AT_ID, Bezeichnung, Beschreibung, Frequenz) VALUES (17, 'Leuchtmittel wechseln', 'Leuchtmittel nach Prüfung ersetzen bei zuwenig Leistung oder nach Totalausfall', null);
INSERT INTO Arbeitsdiensttypen (AT_ID, Bezeichnung, Beschreibung, Frequenz) VALUES (18, 'Wasserbeckenreinigung', 'nach Bedarf bei entsprechender Verschmutzung, tägliche Prüfung nötig', 1);
INSERT INTO Arbeitsdiensttypen (AT_ID, Bezeichnung, Beschreibung, Frequenz) VALUES (19, 'Fütterung aquatisch', 'Fischpellets ins Wasser geben', 7);
INSERT INTO Arbeitsdiensttypen (AT_ID, Bezeichnung, Beschreibung, Frequenz) VALUES (20, 'Lagerbestand prüfen', 'Inventur', 365);
INSERT INTO Arbeitsdiensttypen (AT_ID, Bezeichnung, Beschreibung, Frequenz) VALUES (21, 'Lagerbestand prüfen', 'ggf. Bestellung', 182);
INSERT INTO Arbeitsdiensttypen (AT_ID, Bezeichnung, Beschreibung, Frequenz) VALUES (22, 'Lagerbestand prüfen', 'ggf. Bestellung', 91);
INSERT INTO Arbeitsdiensttypen (AT_ID, Bezeichnung, Beschreibung, Frequenz) VALUES (23, 'Lagerbestand prüfen', 'ggf. Bestellung', 30);

--Arbeitsdienste (erzeugt AD_ID -> benötigt AT_ID)
INSERT INTO Arbeitsdienste (AD_ID, AT_ID, Faelligkeit) VALUES (1, 1, '2022-04-27');
INSERT INTO Arbeitsdienste (AD_ID, AT_ID, Faelligkeit) VALUES (2, 1, null);
INSERT INTO Arbeitsdienste (AD_ID, AT_ID, Faelligkeit) VALUES (3, 1, null);
INSERT INTO Arbeitsdienste (AD_ID, AT_ID, Faelligkeit) VALUES (4, 1, null);
INSERT INTO Arbeitsdienste (AD_ID, AT_ID, Faelligkeit) VALUES (5, 1, null);
INSERT INTO Arbeitsdienste (AD_ID, AT_ID, Faelligkeit) VALUES (6, 1, null);
INSERT INTO Arbeitsdienste (AD_ID, AT_ID, Faelligkeit) VALUES (7, 1, null);
INSERT INTO Arbeitsdienste (AD_ID, AT_ID, Faelligkeit) VALUES (8, 1, null);
INSERT INTO Arbeitsdienste (AD_ID, AT_ID, Faelligkeit) VALUES (9, 3, null);
INSERT INTO Arbeitsdienste (AD_ID, AT_ID, Faelligkeit) VALUES (10, 3, null);
INSERT INTO Arbeitsdienste (AD_ID, AT_ID, Faelligkeit) VALUES (11, 3, null);
INSERT INTO Arbeitsdienste (AD_ID, AT_ID, Faelligkeit) VALUES (12, 3, null);
INSERT INTO Arbeitsdienste (AD_ID, AT_ID, Faelligkeit) VALUES (13, 3, null);
INSERT INTO Arbeitsdienste (AD_ID, AT_ID, Faelligkeit) VALUES (14, 3, null);
INSERT INTO Arbeitsdienste (AD_ID, AT_ID, Faelligkeit) VALUES (15, 3, null);
INSERT INTO Arbeitsdienste (AD_ID, AT_ID, Faelligkeit) VALUES (16, 3, null);
INSERT INTO Arbeitsdienste (AD_ID, AT_ID, Faelligkeit) VALUES (17, 3, null);
INSERT INTO Arbeitsdienste (AD_ID, AT_ID, Faelligkeit) VALUES (18, 3, null);
INSERT INTO Arbeitsdienste (AD_ID, AT_ID, Faelligkeit) VALUES (19, 3, null);
INSERT INTO Arbeitsdienste (AD_ID, AT_ID, Faelligkeit) VALUES (20, 3, null);
INSERT INTO Arbeitsdienste (AD_ID, AT_ID, Faelligkeit) VALUES (21, 3, null);
INSERT INTO Arbeitsdienste (AD_ID, AT_ID, Faelligkeit) VALUES (22, 3, null);
INSERT INTO Arbeitsdienste (AD_ID, AT_ID, Faelligkeit) VALUES (23, 3, null);
INSERT INTO Arbeitsdienste (AD_ID, AT_ID, Faelligkeit) VALUES (24, 3, null);
INSERT INTO Arbeitsdienste (AD_ID, AT_ID, Faelligkeit) VALUES (25, 3, null);
INSERT INTO Arbeitsdienste (AD_ID, AT_ID, Faelligkeit) VALUES (26, 3, null);
INSERT INTO Arbeitsdienste (AD_ID, AT_ID, Faelligkeit) VALUES (27, 3, null);
INSERT INTO Arbeitsdienste (AD_ID, AT_ID, Faelligkeit) VALUES (28, 3, null);
INSERT INTO Arbeitsdienste (AD_ID, AT_ID, Faelligkeit) VALUES (29, 3, null);
INSERT INTO Arbeitsdienste (AD_ID, AT_ID, Faelligkeit) VALUES (30, 3, null);
INSERT INTO Arbeitsdienste (AD_ID, AT_ID, Faelligkeit) VALUES (31, 3, null);
INSERT INTO Arbeitsdienste (AD_ID, AT_ID, Faelligkeit) VALUES (32, 3, null);
INSERT INTO Arbeitsdienste (AD_ID, AT_ID, Faelligkeit) VALUES (33, 3, null);
INSERT INTO Arbeitsdienste (AD_ID, AT_ID, Faelligkeit) VALUES (34, 3, null);
INSERT INTO Arbeitsdienste (AD_ID, AT_ID, Faelligkeit) VALUES (35, 3, null);
INSERT INTO Arbeitsdienste (AD_ID, AT_ID, Faelligkeit) VALUES (36, 3, null);
INSERT INTO Arbeitsdienste (AD_ID, AT_ID, Faelligkeit) VALUES (37, 3, null);
INSERT INTO Arbeitsdienste (AD_ID, AT_ID, Faelligkeit) VALUES (38, 3, null);
INSERT INTO Arbeitsdienste (AD_ID, AT_ID, Faelligkeit) VALUES (39, 3, null);
INSERT INTO Arbeitsdienste (AD_ID, AT_ID, Faelligkeit) VALUES (40, 3, null);
INSERT INTO Arbeitsdienste (AD_ID, AT_ID, Faelligkeit) VALUES (41, 3, null);
INSERT INTO Arbeitsdienste (AD_ID, AT_ID, Faelligkeit) VALUES (42, 3, null);
INSERT INTO Arbeitsdienste (AD_ID, AT_ID, Faelligkeit) VALUES (43, 3, null);
INSERT INTO Arbeitsdienste (AD_ID, AT_ID, Faelligkeit) VALUES (44, 3, null);
INSERT INTO Arbeitsdienste (AD_ID, AT_ID, Faelligkeit) VALUES (45, 3, null);
INSERT INTO Arbeitsdienste (AD_ID, AT_ID, Faelligkeit) VALUES (46, 3, null);
INSERT INTO Arbeitsdienste (AD_ID, AT_ID, Faelligkeit) VALUES (47, 3, null);
INSERT INTO Arbeitsdienste (AD_ID, AT_ID, Faelligkeit) VALUES (48, 3, null);
INSERT INTO Arbeitsdienste (AD_ID, AT_ID, Faelligkeit) VALUES (49, 13, null);
INSERT INTO Arbeitsdienste (AD_ID, AT_ID, Faelligkeit) VALUES (50, 13, null);
INSERT INTO Arbeitsdienste (AD_ID, AT_ID, Faelligkeit) VALUES (51, 13, null);
INSERT INTO Arbeitsdienste (AD_ID, AT_ID, Faelligkeit) VALUES (52, 13, null);
INSERT INTO Arbeitsdienste (AD_ID, AT_ID, Faelligkeit) VALUES (53, 14, null);
INSERT INTO Arbeitsdienste (AD_ID, AT_ID, Faelligkeit) VALUES (54, 14, null);
INSERT INTO Arbeitsdienste (AD_ID, AT_ID, Faelligkeit) VALUES (55, 15, null);
INSERT INTO Arbeitsdienste (AD_ID, AT_ID, Faelligkeit) VALUES (56, 15, null);
INSERT INTO Arbeitsdienste (AD_ID, AT_ID, Faelligkeit) VALUES (57, 15, null);
INSERT INTO Arbeitsdienste (AD_ID, AT_ID, Faelligkeit) VALUES (58, 15, null);
INSERT INTO Arbeitsdienste (AD_ID, AT_ID, Faelligkeit) VALUES (59, 15, null);
INSERT INTO Arbeitsdienste (AD_ID, AT_ID, Faelligkeit) VALUES (60, 15, null);
INSERT INTO Arbeitsdienste (AD_ID, AT_ID, Faelligkeit) VALUES (61, 15, null);
INSERT INTO Arbeitsdienste (AD_ID, AT_ID, Faelligkeit) VALUES (62, 16, null);
INSERT INTO Arbeitsdienste (AD_ID, AT_ID, Faelligkeit) VALUES (63, 16, null);
INSERT INTO Arbeitsdienste (AD_ID, AT_ID, Faelligkeit) VALUES (64, 16, null);
INSERT INTO Arbeitsdienste (AD_ID, AT_ID, Faelligkeit) VALUES (65, 16, null);
INSERT INTO Arbeitsdienste (AD_ID, AT_ID, Faelligkeit) VALUES (66, 16, null);
INSERT INTO Arbeitsdienste (AD_ID, AT_ID, Faelligkeit) VALUES (67, 16, null);
INSERT INTO Arbeitsdienste (AD_ID, AT_ID, Faelligkeit) VALUES (68, 16, null);
INSERT INTO Arbeitsdienste (AD_ID, AT_ID, Faelligkeit) VALUES (69, 16, null);
INSERT INTO Arbeitsdienste (AD_ID, AT_ID, Faelligkeit) VALUES (70, 16, null);
INSERT INTO Arbeitsdienste (AD_ID, AT_ID, Faelligkeit) VALUES (71, 20, null);
INSERT INTO Arbeitsdienste (AD_ID, AT_ID, Faelligkeit) VALUES (72, 20, null);
INSERT INTO Arbeitsdienste (AD_ID, AT_ID, Faelligkeit) VALUES (73, 20, null);
INSERT INTO Arbeitsdienste (AD_ID, AT_ID, Faelligkeit) VALUES (74, 20, null);
INSERT INTO Arbeitsdienste (AD_ID, AT_ID, Faelligkeit) VALUES (75, 20, null);
INSERT INTO Arbeitsdienste (AD_ID, AT_ID, Faelligkeit) VALUES (76, 20, null);
INSERT INTO Arbeitsdienste (AD_ID, AT_ID, Faelligkeit) VALUES (77, 23, null);
INSERT INTO Arbeitsdienste (AD_ID, AT_ID, Faelligkeit) VALUES (78, 23, null);
INSERT INTO Arbeitsdienste (AD_ID, AT_ID, Faelligkeit) VALUES (79, 23, null);
INSERT INTO Arbeitsdienste (AD_ID, AT_ID, Faelligkeit) VALUES (80, 23, null);
INSERT INTO Arbeitsdienste (AD_ID, AT_ID, Faelligkeit) VALUES (81, 23, null);
INSERT INTO Arbeitsdienste (AD_ID, AT_ID, Faelligkeit) VALUES (82, 20, null);
INSERT INTO Arbeitsdienste (AD_ID, AT_ID, Faelligkeit) VALUES (83, 20, null);
INSERT INTO Arbeitsdienste (AD_ID, AT_ID, Faelligkeit) VALUES (84, 20, null);
INSERT INTO Arbeitsdienste (AD_ID, AT_ID, Faelligkeit) VALUES (85, 20, null);
INSERT INTO Arbeitsdienste (AD_ID, AT_ID, Faelligkeit) VALUES (86, 20, null);
INSERT INTO Arbeitsdienste (AD_ID, AT_ID, Faelligkeit) VALUES (87, 21, null);
INSERT INTO Arbeitsdienste (AD_ID, AT_ID, Faelligkeit) VALUES (88, 20, null);
INSERT INTO Arbeitsdienste (AD_ID, AT_ID, Faelligkeit) VALUES (89, 20, null);
INSERT INTO Arbeitsdienste (AD_ID, AT_ID, Faelligkeit) VALUES (90, 20, null);
INSERT INTO Arbeitsdienste (AD_ID, AT_ID, Faelligkeit) VALUES (91, 20, null);
INSERT INTO Arbeitsdienste (AD_ID, AT_ID, Faelligkeit) VALUES (92, 23, null);
INSERT INTO Arbeitsdienste (AD_ID, AT_ID, Faelligkeit) VALUES (93, 20, null);
INSERT INTO Arbeitsdienste (AD_ID, AT_ID, Faelligkeit) VALUES (94, 20, null);
INSERT INTO Arbeitsdienste (AD_ID, AT_ID, Faelligkeit) VALUES (95, 20, null);
INSERT INTO Arbeitsdienste (AD_ID, AT_ID, Faelligkeit) VALUES (96, 20, null);
INSERT INTO Arbeitsdienste (AD_ID, AT_ID, Faelligkeit) VALUES (97, 20, null);
INSERT INTO Arbeitsdienste (AD_ID, AT_ID, Faelligkeit) VALUES (98, 20, null);
INSERT INTO Arbeitsdienste (AD_ID, AT_ID, Faelligkeit) VALUES (99, 20, null);
INSERT INTO Arbeitsdienste (AD_ID, AT_ID, Faelligkeit) VALUES (100, 20, null);
INSERT INTO Arbeitsdienste (AD_ID, AT_ID, Faelligkeit) VALUES (101, 4, null);
INSERT INTO Arbeitsdienste (AD_ID, AT_ID, Faelligkeit) VALUES (102, 5, null);
INSERT INTO Arbeitsdienste (AD_ID, AT_ID, Faelligkeit) VALUES (103, 6, null);
INSERT INTO Arbeitsdienste (AD_ID, AT_ID, Faelligkeit) VALUES (104, 7, null);
INSERT INTO Arbeitsdienste (AD_ID, AT_ID, Faelligkeit) VALUES (105, 8, null);
INSERT INTO Arbeitsdienste (AD_ID, AT_ID, Faelligkeit) VALUES (106, 9, null);
INSERT INTO Arbeitsdienste (AD_ID, AT_ID, Faelligkeit) VALUES (107, 10, null);
INSERT INTO Arbeitsdienste (AD_ID, AT_ID, Faelligkeit) VALUES (108, 11, null);
INSERT INTO Arbeitsdienste (AD_ID, AT_ID, Faelligkeit) VALUES (109, 12, null);
INSERT INTO Arbeitsdienste (AD_ID, AT_ID, Faelligkeit) VALUES (110, 18, null);

--Lagerpflege (Verbrauchsmittelpflege) (-> benötigt AD_ID, VM_ID)
INSERT INTO Lagerpflege (AD_ID, VM_ID) VALUES (62, 1);
INSERT INTO Lagerpflege (AD_ID, VM_ID) VALUES (63, 2);
INSERT INTO Lagerpflege (AD_ID, VM_ID) VALUES (64, 3);
INSERT INTO Lagerpflege (AD_ID, VM_ID) VALUES (65, 4);
INSERT INTO Lagerpflege (AD_ID, VM_ID) VALUES (66, 5);
INSERT INTO Lagerpflege (AD_ID, VM_ID) VALUES (67, 6);
INSERT INTO Lagerpflege (AD_ID, VM_ID) VALUES (68, 7);
INSERT INTO Lagerpflege (AD_ID, VM_ID) VALUES (69, 8);
INSERT INTO Lagerpflege (AD_ID, VM_ID) VALUES (70, 9);
INSERT INTO Lagerpflege (AD_ID, VM_ID) VALUES (71, 10);
INSERT INTO Lagerpflege (AD_ID, VM_ID) VALUES (72, 11);
INSERT INTO Lagerpflege (AD_ID, VM_ID) VALUES (73, 12);
INSERT INTO Lagerpflege (AD_ID, VM_ID) VALUES (74, 13);
INSERT INTO Lagerpflege (AD_ID, VM_ID) VALUES (75, 14);
INSERT INTO Lagerpflege (AD_ID, VM_ID) VALUES (76, 15);
INSERT INTO Lagerpflege (AD_ID, VM_ID) VALUES (77, 16);
INSERT INTO Lagerpflege (AD_ID, VM_ID) VALUES (78, 17);
INSERT INTO Lagerpflege (AD_ID, VM_ID) VALUES (79, 18);
INSERT INTO Lagerpflege (AD_ID, VM_ID) VALUES (80, 19);
INSERT INTO Lagerpflege (AD_ID, VM_ID) VALUES (81, 20);
INSERT INTO Lagerpflege (AD_ID, VM_ID) VALUES (82, 21);
INSERT INTO Lagerpflege (AD_ID, VM_ID) VALUES (83, 22);
INSERT INTO Lagerpflege (AD_ID, VM_ID) VALUES (84, 23);
INSERT INTO Lagerpflege (AD_ID, VM_ID) VALUES (85, 24);
INSERT INTO Lagerpflege (AD_ID, VM_ID) VALUES (86, 25);
INSERT INTO Lagerpflege (AD_ID, VM_ID) VALUES (87, 26);
INSERT INTO Lagerpflege (AD_ID, VM_ID) VALUES (88, 27);
INSERT INTO Lagerpflege (AD_ID, VM_ID) VALUES (89, 28);
INSERT INTO Lagerpflege (AD_ID, VM_ID) VALUES (90, 29);
INSERT INTO Lagerpflege (AD_ID, VM_ID) VALUES (91, 30);
INSERT INTO Lagerpflege (AD_ID, VM_ID) VALUES (92, 31);
INSERT INTO Lagerpflege (AD_ID, VM_ID) VALUES (93, 32);
INSERT INTO Lagerpflege (AD_ID, VM_ID) VALUES (94, 33);
INSERT INTO Lagerpflege (AD_ID, VM_ID) VALUES (95, 34);
INSERT INTO Lagerpflege (AD_ID, VM_ID) VALUES (96, 35);
INSERT INTO Lagerpflege (AD_ID, VM_ID) VALUES (97, 36);
INSERT INTO Lagerpflege (AD_ID, VM_ID) VALUES (98, 37);
INSERT INTO Lagerpflege (AD_ID, VM_ID) VALUES (99, 38);
INSERT INTO Lagerpflege (AD_ID, VM_ID) VALUES (100, 39);

--Verbrauch (-> benötigt TR_ID, VM_ID, AD_ID)
INSERT INTO Verbrauch (TR_ID, VM_ID, Anzahl, AD_ID) VALUES (1, 22, 3, 7);
INSERT INTO Verbrauch (TR_ID, VM_ID, Anzahl, AD_ID) VALUES (1, 26, 1, null);
INSERT INTO Verbrauch (TR_ID, VM_ID, Anzahl, AD_ID) VALUES (1, 18, 0, null);
INSERT INTO Verbrauch (TR_ID, VM_ID, Anzahl, AD_ID) VALUES (1, 13, 1, null);
INSERT INTO Verbrauch (TR_ID, VM_ID, Anzahl, AD_ID) VALUES (1, 4, 1, null);
INSERT INTO Verbrauch (TR_ID, VM_ID, Anzahl, AD_ID) VALUES (2, 13, 1, null);
INSERT INTO Verbrauch (TR_ID, VM_ID, Anzahl, AD_ID) VALUES (2, 11, 1, null);
INSERT INTO Verbrauch (TR_ID, VM_ID, Anzahl, AD_ID) VALUES (2, 24, 1, null);
INSERT INTO Verbrauch (TR_ID, VM_ID, Anzahl, AD_ID) VALUES (2, 25, 1, null);
INSERT INTO Verbrauch (TR_ID, VM_ID, Anzahl, AD_ID) VALUES (2, 22, 3, null);
INSERT INTO Verbrauch (TR_ID, VM_ID, Anzahl, AD_ID) VALUES (2, 17, 0, null);
INSERT INTO Verbrauch (TR_ID, VM_ID, Anzahl, AD_ID) VALUES (3, 4, 1, null);
INSERT INTO Verbrauch (TR_ID, VM_ID, Anzahl, AD_ID) VALUES (3, 25, 4, null);
INSERT INTO Verbrauch (TR_ID, VM_ID, Anzahl, AD_ID) VALUES (3, 21, 1, null);
INSERT INTO Verbrauch (TR_ID, VM_ID, Anzahl, AD_ID) VALUES (3, 32, 1, null);
INSERT INTO Verbrauch (TR_ID, VM_ID, Anzahl, AD_ID) VALUES (3, 33, 3, null);
INSERT INTO Verbrauch (TR_ID, VM_ID, Anzahl, AD_ID) VALUES (3, 31, 0, null);
INSERT INTO Verbrauch (TR_ID, VM_ID, Anzahl, AD_ID) VALUES (4, 4, 1, null);
INSERT INTO Verbrauch (TR_ID, VM_ID, Anzahl, AD_ID) VALUES (4, 8, 1, null);
INSERT INTO Verbrauch (TR_ID, VM_ID, Anzahl, AD_ID) VALUES (4, 23, 3, null);
INSERT INTO Verbrauch (TR_ID, VM_ID, Anzahl, AD_ID) VALUES (4, 20, 1, null);
INSERT INTO Verbrauch (TR_ID, VM_ID, Anzahl, AD_ID) VALUES (4, 19, 0, null);
INSERT INTO Verbrauch (TR_ID, VM_ID, Anzahl, AD_ID) VALUES (5, 34, 1, null);
INSERT INTO Verbrauch (TR_ID, VM_ID, Anzahl, AD_ID) VALUES (5, 25, 3, null);
INSERT INTO Verbrauch (TR_ID, VM_ID, Anzahl, AD_ID) VALUES (5, 23, 1, null);
INSERT INTO Verbrauch (TR_ID, VM_ID, Anzahl, AD_ID) VALUES (5, 18, 0, null);
INSERT INTO Verbrauch (TR_ID, VM_ID, Anzahl, AD_ID) VALUES (6, 21, 1, null);
INSERT INTO Verbrauch (TR_ID, VM_ID, Anzahl, AD_ID) VALUES (6, 23, 1, null);
INSERT INTO Verbrauch (TR_ID, VM_ID, Anzahl, AD_ID) VALUES (6, 35, 1, null);
INSERT INTO Verbrauch (TR_ID, VM_ID, Anzahl, AD_ID) VALUES (6, 31, 0, null);
INSERT INTO Verbrauch (TR_ID, VM_ID, Anzahl, AD_ID) VALUES (7, 11, 1, null);
INSERT INTO Verbrauch (TR_ID, VM_ID, Anzahl, AD_ID) VALUES (7, 13, 4, null);
INSERT INTO Verbrauch (TR_ID, VM_ID, Anzahl, AD_ID) VALUES (7, 21, 3, null);
INSERT INTO Verbrauch (TR_ID, VM_ID, Anzahl, AD_ID) VALUES (7, 36, 1, null);
INSERT INTO Verbrauch (TR_ID, VM_ID, Anzahl, AD_ID) VALUES (7, 32, 1, null);
INSERT INTO Verbrauch (TR_ID, VM_ID, Anzahl, AD_ID) VALUES (7, 20, 1, null);
INSERT INTO Verbrauch (TR_ID, VM_ID, Anzahl, AD_ID) VALUES (7, 16, 0, null);
INSERT INTO Verbrauch (TR_ID, VM_ID, Anzahl, AD_ID) VALUES (8, 11, 1, null);
INSERT INTO Verbrauch (TR_ID, VM_ID, Anzahl, AD_ID) VALUES (8, 13, 3, null);
INSERT INTO Verbrauch (TR_ID, VM_ID, Anzahl, AD_ID) VALUES (8, 24, 2, null);
INSERT INTO Verbrauch (TR_ID, VM_ID, Anzahl, AD_ID) VALUES (8, 25, 1, null);
INSERT INTO Verbrauch (TR_ID, VM_ID, Anzahl, AD_ID) VALUES (8, 21, 4, null);
INSERT INTO Verbrauch (TR_ID, VM_ID, Anzahl, AD_ID) VALUES (8, 32, 1, null);
INSERT INTO Verbrauch (TR_ID, VM_ID, Anzahl, AD_ID) VALUES (8, 20, 1, null);
INSERT INTO Verbrauch (TR_ID, VM_ID, Anzahl, AD_ID) VALUES (8, 16, 0, null);
INSERT INTO Verbrauch (TR_ID, VM_ID, Anzahl, AD_ID) VALUES (9, 11, 1, null);
INSERT INTO Verbrauch (TR_ID, VM_ID, Anzahl, AD_ID) VALUES (9, 13, 4, null);
INSERT INTO Verbrauch (TR_ID, VM_ID, Anzahl, AD_ID) VALUES (9, 21, 5, null);
INSERT INTO Verbrauch (TR_ID, VM_ID, Anzahl, AD_ID) VALUES (9, 37, 1, null);
INSERT INTO Verbrauch (TR_ID, VM_ID, Anzahl, AD_ID) VALUES (9, 38, 1, null);
INSERT INTO Verbrauch (TR_ID, VM_ID, Anzahl, AD_ID) VALUES (9, 20, 1, null);
INSERT INTO Verbrauch (TR_ID, VM_ID, Anzahl, AD_ID) VALUES (9, 16, 0, null);
INSERT INTO Verbrauch (TR_ID, VM_ID, Anzahl, AD_ID) VALUES (10, 4, 2, null);
INSERT INTO Verbrauch (TR_ID, VM_ID, Anzahl, AD_ID) VALUES (10, 13, 2, null);
INSERT INTO Verbrauch (TR_ID, VM_ID, Anzahl, AD_ID) VALUES (10, 25, 9, null);
INSERT INTO Verbrauch (TR_ID, VM_ID, Anzahl, AD_ID) VALUES (10, 29, 1, null);
INSERT INTO Verbrauch (TR_ID, VM_ID, Anzahl, AD_ID) VALUES (10, 39, 2, null);
INSERT INTO Verbrauch (TR_ID, VM_ID, Anzahl, AD_ID) VALUES (10, 18, 0, null);

--FUTTER (erzeugt FU_ID)
INSERT INTO Futter (FU_ID, Bezeichnung, Lagerungsform) VALUES (1, 'Fische', 'tiefgekühlt');
INSERT INTO Futter (FU_ID, Bezeichnung, Lagerungsform) VALUES (2, 'Wasserschildkröten- / Gupyfutter (Fischpellets)', 'getrocknet');
INSERT INTO Futter (FU_ID, Bezeichnung, Lagerungsform) VALUES (3, 'Frischwasser', 'frisch/Wasserhahn');
INSERT INTO Futter (FU_ID, Bezeichnung, Lagerungsform) VALUES (4, 'Heimchen', 'lebend');
INSERT INTO Futter (FU_ID, Bezeichnung, Lagerungsform) VALUES (5, 'Heuschrecken, adult', 'lebend');
INSERT INTO Futter (FU_ID, Bezeichnung, Lagerungsform) VALUES (6, 'Heuschrecken, subadult', 'lebend');
INSERT INTO Futter (FU_ID, Bezeichnung, Lagerungsform) VALUES (7, 'Mäuse / Sinte', 'tiefgekühlt');
INSERT INTO Futter (FU_ID, Bezeichnung, Lagerungsform) VALUES (8, 'Rohkost / Salat', 'frisch/gekühlt');
INSERT INTO Futter (FU_ID, Bezeichnung, Lagerungsform) VALUES (9, 'Schrimps', 'getrocknet');
INSERT INTO Futter (FU_ID, Bezeichnung, Lagerungsform) VALUES (10, 'Fruchtbrei', '');
INSERT INTO Futter (FU_ID, Bezeichnung, Lagerungsform) VALUES (11, 'Obstschale', 'frisch');


--Tierpflege (-> benötigt AD_ID, TI_ID, FU_ID)
INSERT INTO Tierpflege (AD_ID, TI_ID, FU_ID, Menge_min, Menge_max, Mahlkategorie) VALUES (1, 6, 4, 1, 2, 1);
INSERT INTO Tierpflege (AD_ID, TI_ID, FU_ID, Menge_min, Menge_max, Mahlkategorie) VALUES (2, 7, 4, 1, 2, 1);
INSERT INTO Tierpflege (AD_ID, TI_ID, FU_ID, Menge_min, Menge_max, Mahlkategorie) VALUES (3, 8, 1, 2, 2, 1);
INSERT INTO Tierpflege (AD_ID, TI_ID, FU_ID, Menge_min, Menge_max, Mahlkategorie) VALUES (4, 8, 2, 1, 1, 3);
INSERT INTO Tierpflege (AD_ID, TI_ID, FU_ID, Menge_min, Menge_max, Mahlkategorie) VALUES (5, 10, 4, 3, 4, 1);
INSERT INTO Tierpflege (AD_ID, TI_ID, FU_ID, Menge_min, Menge_max, Mahlkategorie) VALUES (6, 11, 4, 3, 4, 1);
INSERT INTO Tierpflege (AD_ID, TI_ID, FU_ID, Menge_min, Menge_max, Mahlkategorie) VALUES (7, 12, 4, 3, 4, 1);
INSERT INTO Tierpflege (AD_ID, TI_ID, FU_ID, Menge_min, Menge_max, Mahlkategorie) VALUES (8, 13, 4, 3, 4, 1);
INSERT INTO Tierpflege (AD_ID, TI_ID, FU_ID, Menge_min, Menge_max, Mahlkategorie) VALUES (9, 14, 4, 3, 4, 1);
INSERT INTO Tierpflege (AD_ID, TI_ID, FU_ID, Menge_min, Menge_max, Mahlkategorie) VALUES (10, 14, 8, 1, 1, 2);
INSERT INTO Tierpflege (AD_ID, TI_ID, FU_ID, Menge_min, Menge_max, Mahlkategorie) VALUES (11, 15, 4, 2, 3, 1);
INSERT INTO Tierpflege (AD_ID, TI_ID, FU_ID, Menge_min, Menge_max, Mahlkategorie) VALUES (12, 16, 5, 2, 3, 1);
INSERT INTO Tierpflege (AD_ID, TI_ID, FU_ID, Menge_min, Menge_max, Mahlkategorie) VALUES (13, 16, 11, 1, 1, 3);
INSERT INTO Tierpflege (AD_ID, TI_ID, FU_ID, Menge_min, Menge_max, Mahlkategorie) VALUES (14, 16, 4, 6, 8, 2);
INSERT INTO Tierpflege (AD_ID, TI_ID, FU_ID, Menge_min, Menge_max, Mahlkategorie) VALUES (15, 17, 5, 2, 3, 1);
INSERT INTO Tierpflege (AD_ID, TI_ID, FU_ID, Menge_min, Menge_max, Mahlkategorie) VALUES (16, 17, 11, 1, 1, 3);
INSERT INTO Tierpflege (AD_ID, TI_ID, FU_ID, Menge_min, Menge_max, Mahlkategorie) VALUES (17, 17, 4, 4, 5, 2);
INSERT INTO Tierpflege (AD_ID, TI_ID, FU_ID, Menge_min, Menge_max, Mahlkategorie) VALUES (18, 20, 4, 1, 2, 1);
INSERT INTO Tierpflege (AD_ID, TI_ID, FU_ID, Menge_min, Menge_max, Mahlkategorie) VALUES (19, 20, 10, 1, 1, 3);
INSERT INTO Tierpflege (AD_ID, TI_ID, FU_ID, Menge_min, Menge_max, Mahlkategorie) VALUES (20, 21, 4, 4, 5, 1);
INSERT INTO Tierpflege (AD_ID, TI_ID, FU_ID, Menge_min, Menge_max, Mahlkategorie) VALUES (21, 21, 5, 1, 1, 2);
INSERT INTO Tierpflege (AD_ID, TI_ID, FU_ID, Menge_min, Menge_max, Mahlkategorie) VALUES (22, 21, 8, 1, 1, 3);
INSERT INTO Tierpflege (AD_ID, TI_ID, FU_ID, Menge_min, Menge_max, Mahlkategorie) VALUES (23, 22, 4, 4, 5, 1);
INSERT INTO Tierpflege (AD_ID, TI_ID, FU_ID, Menge_min, Menge_max, Mahlkategorie) VALUES (24, 22, 5, 1, 1, 2);
INSERT INTO Tierpflege (AD_ID, TI_ID, FU_ID, Menge_min, Menge_max, Mahlkategorie) VALUES (25, 22, 8, 1, 1, 3);
INSERT INTO Tierpflege (AD_ID, TI_ID, FU_ID, Menge_min, Menge_max, Mahlkategorie) VALUES (26, 23, 4, 4, 5, 1);
INSERT INTO Tierpflege (AD_ID, TI_ID, FU_ID, Menge_min, Menge_max, Mahlkategorie) VALUES (27, 23, 5, 1, 1, 2);
INSERT INTO Tierpflege (AD_ID, TI_ID, FU_ID, Menge_min, Menge_max, Mahlkategorie) VALUES (28, 23, 8, 1, 1, 3);
INSERT INTO Tierpflege (AD_ID, TI_ID, FU_ID, Menge_min, Menge_max, Mahlkategorie) VALUES (29, 24, 4, 4, 5, 1);
INSERT INTO Tierpflege (AD_ID, TI_ID, FU_ID, Menge_min, Menge_max, Mahlkategorie) VALUES (30, 24, 5, 1, 1, 2);
INSERT INTO Tierpflege (AD_ID, TI_ID, FU_ID, Menge_min, Menge_max, Mahlkategorie) VALUES (31, 24, 8, 1, 1, 3);
INSERT INTO Tierpflege (AD_ID, TI_ID, FU_ID, Menge_min, Menge_max, Mahlkategorie) VALUES (32, 25, 4, 4, 5, 1);
INSERT INTO Tierpflege (AD_ID, TI_ID, FU_ID, Menge_min, Menge_max, Mahlkategorie) VALUES (33, 25, 5, 1, 1, 2);
INSERT INTO Tierpflege (AD_ID, TI_ID, FU_ID, Menge_min, Menge_max, Mahlkategorie) VALUES (34, 25, 8, 1, 1, 3);
INSERT INTO Tierpflege (AD_ID, TI_ID, FU_ID, Menge_min, Menge_max, Mahlkategorie) VALUES (35, 26, 7, 1, 1, 1);
INSERT INTO Tierpflege (AD_ID, TI_ID, FU_ID, Menge_min, Menge_max, Mahlkategorie) VALUES (36, 27, 5, 2, 2, 1);
INSERT INTO Tierpflege (AD_ID, TI_ID, FU_ID, Menge_min, Menge_max, Mahlkategorie) VALUES (37, 27, 6, 3, 3, 2);
INSERT INTO Tierpflege (AD_ID, TI_ID, FU_ID, Menge_min, Menge_max, Mahlkategorie) VALUES (38, 27, 4, 4, 5, 2);
INSERT INTO Tierpflege (AD_ID, TI_ID, FU_ID, Menge_min, Menge_max, Mahlkategorie) VALUES (39, 28, 5, 2, 2, 1);
INSERT INTO Tierpflege (AD_ID, TI_ID, FU_ID, Menge_min, Menge_max, Mahlkategorie) VALUES (40, 28, 6, 3, 3, 2);
INSERT INTO Tierpflege (AD_ID, TI_ID, FU_ID, Menge_min, Menge_max, Mahlkategorie) VALUES (41, 28, 4, 4, 5, 2);
INSERT INTO Tierpflege (AD_ID, TI_ID, FU_ID, Menge_min, Menge_max, Mahlkategorie) VALUES (42, 29, 5, 2, 2, 1);
INSERT INTO Tierpflege (AD_ID, TI_ID, FU_ID, Menge_min, Menge_max, Mahlkategorie) VALUES (43, 29, 6, 3, 3, 2);
INSERT INTO Tierpflege (AD_ID, TI_ID, FU_ID, Menge_min, Menge_max, Mahlkategorie) VALUES (44, 29, 4, 4, 5, 2);
INSERT INTO Tierpflege (AD_ID, TI_ID, FU_ID, Menge_min, Menge_max, Mahlkategorie) VALUES (45, 30, 4, 15, 15, 1);
INSERT INTO Tierpflege (AD_ID, TI_ID, FU_ID, Menge_min, Menge_max, Mahlkategorie) VALUES (46, 31, 4, 15, 15, 1);
INSERT INTO Tierpflege (AD_ID, TI_ID, FU_ID, Menge_min, Menge_max, Mahlkategorie) VALUES (47, 32, 4, 15, 15, 1);
INSERT INTO Tierpflege (AD_ID, TI_ID, FU_ID, Menge_min, Menge_max, Mahlkategorie) VALUES (48, 33, 4, 15, 15, 1);
INSERT INTO Tierpflege (AD_ID, TI_ID, FU_ID, Menge_min, Menge_max, Mahlkategorie) VALUES (49, 34, 1, 1, 1, 1);
INSERT INTO Tierpflege (AD_ID, TI_ID, FU_ID, Menge_min, Menge_max, Mahlkategorie) VALUES (50, 34, 2, 1, 1, 3);
INSERT INTO Tierpflege (AD_ID, TI_ID, FU_ID, Menge_min, Menge_max, Mahlkategorie) VALUES (51, 35, 1, 1, 1, 1);
INSERT INTO Tierpflege (AD_ID, TI_ID, FU_ID, Menge_min, Menge_max, Mahlkategorie) VALUES (52, 35, 2, 1, 1, 3);
INSERT INTO Tierpflege (AD_ID, TI_ID, FU_ID, Menge_min, Menge_max, Mahlkategorie) VALUES (53, 36, 10, 1, 1, 3);
INSERT INTO Tierpflege (AD_ID, TI_ID, FU_ID, Menge_min, Menge_max, Mahlkategorie) VALUES (54, 36, 4, 1, 2, 1);
INSERT INTO Tierpflege (AD_ID, TI_ID, FU_ID, Menge_min, Menge_max, Mahlkategorie) VALUES (55, 37, 7, 1, 1, 1);
INSERT INTO Tierpflege (AD_ID, TI_ID, FU_ID, Menge_min, Menge_max, Mahlkategorie) VALUES (56, 38, 4, 3, 3, 1);
INSERT INTO Tierpflege (AD_ID, TI_ID, FU_ID, Menge_min, Menge_max, Mahlkategorie) VALUES (57, 39, 4, 3, 3, 1);
INSERT INTO Tierpflege (AD_ID, TI_ID, FU_ID, Menge_min, Menge_max, Mahlkategorie) VALUES (58, 40, 4, 3, 3, 1);
INSERT INTO Tierpflege (AD_ID, TI_ID, FU_ID, Menge_min, Menge_max, Mahlkategorie) VALUES (59, 41, 4, 5, 8, 1);
INSERT INTO Tierpflege (AD_ID, TI_ID, FU_ID, Menge_min, Menge_max, Mahlkategorie) VALUES (60, 44, 8, 1, 1, 1);
INSERT INTO Tierpflege (AD_ID, TI_ID, FU_ID, Menge_min, Menge_max, Mahlkategorie) VALUES (61, 1, null, null, null, null);
INSERT INTO Tierpflege (AD_ID, TI_ID, FU_ID, Menge_min, Menge_max, Mahlkategorie) VALUES (62, 2, null, null, null, null);
INSERT INTO Tierpflege (AD_ID, TI_ID, FU_ID, Menge_min, Menge_max, Mahlkategorie) VALUES (63, 3, null, null, null, null);
INSERT INTO Tierpflege (AD_ID, TI_ID, FU_ID, Menge_min, Menge_max, Mahlkategorie) VALUES (64, 4, null, null, null, null);
INSERT INTO Tierpflege (AD_ID, TI_ID, FU_ID, Menge_min, Menge_max, Mahlkategorie) VALUES (65, 5, null, null, null, null);
INSERT INTO Tierpflege (AD_ID, TI_ID, FU_ID, Menge_min, Menge_max, Mahlkategorie) VALUES (66, 9, null, null, null, null);
INSERT INTO Tierpflege (AD_ID, TI_ID, FU_ID, Menge_min, Menge_max, Mahlkategorie) VALUES (67, 18, 8, 1, 1, 1);
INSERT INTO Tierpflege (AD_ID, TI_ID, FU_ID, Menge_min, Menge_max, Mahlkategorie) VALUES (68, 19, 8, 1, 1, 1);
INSERT INTO Tierpflege (AD_ID, TI_ID, FU_ID, Menge_min, Menge_max, Mahlkategorie) VALUES (69, 42, null, null, null, null);
INSERT INTO Tierpflege (AD_ID, TI_ID, FU_ID, Menge_min, Menge_max, Mahlkategorie) VALUES (70, 43, null, null, null, null);

--Terrariumpflege (-> benötigt AD_ID, TR_ID)
INSERT INTO Terrariumpflege (AD_ID, TR_ID) VALUES (101, 1);
INSERT INTO Terrariumpflege (AD_ID, TR_ID) VALUES (102, 1);
INSERT INTO Terrariumpflege (AD_ID, TR_ID) VALUES (103, 1);
INSERT INTO Terrariumpflege (AD_ID, TR_ID) VALUES (104, 1);
INSERT INTO Terrariumpflege (AD_ID, TR_ID) VALUES (105, 1);
INSERT INTO Terrariumpflege (AD_ID, TR_ID) VALUES (106, 1);
INSERT INTO Terrariumpflege (AD_ID, TR_ID) VALUES (107, 1);
INSERT INTO Terrariumpflege (AD_ID, TR_ID) VALUES (108, 1);
INSERT INTO Terrariumpflege (AD_ID, TR_ID) VALUES (109, 1);
INSERT INTO Terrariumpflege (AD_ID, TR_ID) VALUES (110, 1);
